q,p,q_dot,p_dot
0.500793520016118,-0.6301745049212599,-0.6541435556584901,-0.4684768046521215
-0.07737335037008011,0.8012037325146444,0.7998690604712878,0.07724445924857215
-0.3709499692065351,-0.7143599769643871,-0.7131699721610391,0.37033202830924095
0.6998804661160609,0.3975945038504109,0.39693217759386723,-0.6987145817674081
-0.8035495765429518,0.04713952036807168,0.04706099377437545,0.8022109967139313
0.6485906776412,-0.47670136272074787,-0.4759072576061041,-0.6475102335420099
-0.2848783667233165,0.7528335622937812,0.7515794669018941,0.2844038067875587
-0.17052402410652334,-0.7866610537870848,-0.7853506074255991,0.1702399594692111
0.5710420740259826,0.5672962242382662,0.5663512031655166,-0.5700908129910603
-0.7877662683334166,-0.16534316683471528,-0.16506773264315822,0.7864539808684823
0.750942420624759,-0.28982673660157116,-0.28934393350536103,-0.7496914755601011
-0.47242254191056154,0.6517138929297523,0.6506282460738357,0.4716355645991094
0.041850188597399654,-0.8038424087202982,-0.8025033410816462,-0.04178047314991995
0.40219193843345535,0.6972486651131207,0.6960871649067896,-0.40152195361620346
-0.7167857981245519,-0.36624059844566403,-0.36563050257607643,0.7155917523069357
0.8006771728718508,-0.08264454721776399,-0.08250687515979016,-0.799343377989154
-0.6268650413518381,0.5049299716533446,0.5040888423754464,0.6258207885461381
0.25129204467146976,-0.7647001795656393,-0.763426316364876,-0.25087343395721273
0.20516104101736135,0.7783463262530128,0.7770497308435138,-0.20481927687586166
-0.5955816214581781,-0.5414763046746703,-0.5405742952897497,0.5945894816223354
0.7943101225961314,0.13032837559107252,0.13011127021287872,-0.7929869341593965
-0.7373843967971027,0.3227666458961675,0.3222289703945508,0.73615603714321
0.44312638407919364,-0.6719769818050229,-0.6708575800162527,-0.44238820928983347
-0.00624506852979397,0.8049068613584724,0.8035660205189795,0.006234665285218544
-0.4326462656782307,-0.6787718800433403,-0.6776411590852283,0.43192554902153735
0.7322873959134942,0.33416945720565544,0.33361278651858395,-0.7310675270145939
-0.7962367443468709,0.11798772518692278,0.1177911772779916,0.7949103464789031
0.6039117692584859,-0.5321697391753634,-0.531283232979266,-0.6029057527830064
-0.21721359897109607,0.7750692283692553,0.773778092059197,0.21685175727435002
-0.239396276008732,-0.7685073060004309,-0.7672271007606746,0.23899748166479662
0.6189547977028065,0.5145959723351581,0.5137387411091082,-0.617923722046155
-0.7992984210666684,-0.09505835272725903,-0.09490000133578758,0.7979669229549632
-0.548921885094095,-0.7314258556219486,-0.702784191773641,0.5845482994722706
0.8584958319780912,0.31509351736238483,0.31456862401553654,-0.8570657208343461
-0.8917569357931413,0.20265385679128253,0.20231626920130863,0.8902714171873511
0.6379998793828765,-0.6551756803445847,-0.6540842667270891,-0.6369370777905525
-0.1788981328956227,0.8968246630495922,0.8953307024537935,0.17860011838707612
-0.33778321954757135,-0.8498244023324063,-0.8484087363469092,0.337220528933993
0.7457466979399182,0.5293022583734768,0.5284205289230509,-0.7445044080843074
-0.9136864247407536,-0.03842050822169911,-0.03835650605079177,0.9121643752569576
0.7875498330673241,-0.46482714921052587,-0.4640528245589304,-0.7862379061475091
-0.4079348605706553,0.8184669619103476,0.8171035322006082,0.40725530900115936
-0.10297677862210566,-0.908677501246822,-0.907163795795739,0.10280523645129658
0.5807446267662904,0.7064238789067344,0.705247094321651,-0.5797772028936715
-0.8715957853453442,-0.2768028272539625,-0.2763417198226459,0.8701438518600257
0.881917789926325,-0.24190913587341195,-0.24150615552323118,-0.8804486616995967
-0.6083884316810659,0.6827609643236843,0.681623598215127,0.6073749578312276
0.1390450333597888,-0.903861436784162,-0.9023557540946886,-0.13881340748079118
0.3750509741776974,0.8340478313477678,0.8326584465033168,-0.3744262016888522
-0.768434222129576,-0.49579014155957946,-0.4949642377171054,0.7671541386355049
0.9144915813361779,-0.002041046988913613,-0.0020376469444127743,-0.9129681905955914
-0.7662134768290036,0.4992153103953887,0.4983837007918379,0.7649370927269047
0.3713242458676162,-0.8357136606747555,-0.8343215008359645,-0.37070568148772964
0.1430782713024011,0.9032317678695047,0.9017271341037489,-0.14283992672043055
-0.6114300536262586,-0.6800384604786298,-0.6789056296083557,0.610411512940689
0.8829888287365631,0.23797005385969644,0.23757363536443976,-0.8815179163375992
-0.870351519744569,0.28069066654570735,0.2802230826213714,0.8689016589986661
0.5775855322756164,-0.709009147411687,-0.7078280561997019,-0.5766233709285551
-0.098919631733333,0.9091281123501221,0.9076136562558929,0.09875484809381496
-0.4115842389673019,-0.816637883300341,-0.81527750053101,0.4108986081409033
0.789616865201457,0.4613070825350271,0.4605386217284724,-0.7883014949501627
-0.9135058219709813,0.04249860506741594,0.042427809466066835,0.911984073341269
0.7433765885214085,-0.5326258216100931,-0.5317385556565873,-0.7421382468734985
-0.33398643964960895,0.8513237200605492,0.8499055564612864,0.33343007383925816
1.1310733487198283,-0.5030209550611878,-0.5586895609734333,-1.104059073276944
-0.6753974254349502,1.0373983415886092,1.0356702086454477,0.674272325756427
0.0023401522681800197,-1.237881870415072,-1.235819765287024,-0.0023362539640592317
0.6714703151510849,1.039944526061779,1.0382121515991332,-0.6703517573845524
-1.1291634003947182,-0.5072938168596112,-0.5064487498090375,1.1272824021395293
1.2234274067416369,-0.18863292885492916,-0.1883186977968565,-1.221389380343837
-0.9239228093827703,0.8238468569565613,0.8224744652372284,0.9223837077861585
0.32704724209318853,-1.1938999551278133,-1.1919111165490635,-0.32650243583085103
0.37509075037603345,1.1796880648702435,1.1777229009348285,-0.37446591162663356
-0.9565031810140932,-0.7857853817200194,-0.7844763940824195,0.9549098059419836
1.2300584229439384,0.13897221866123766,0.13874071407940836,-1.228009350377044
-1.1077108225717869,0.5525701176975558,0.5516496278668848,1.1058655607401107
0.62883880439575,-1.0662639258181246,-1.064487707616855,-0.6277912636293426
0.05242934827786907,1.2367732875729947,1.234713029159352,-0.05234200971145908
-0.7168227512517521,-1.0092185812314518,-1.0075373910779455,0.715628643876377
1.1505017756613254,0.45683986867948956,0.4560788495075907,-1.1485852312250617
-1.2138838169668915,0.24257592691948163,0.2421718358064695,1.211861688601077
0.8865689251858152,-0.8639169765144241,-0.8624778346464118,-0.8850920489421243
-0.2739056704077664,1.2072003500386452,1.2051893552161548,0.2734493891574785
-0.42691602580230453,-1.1619379107026853,-1.1600023155693542,0.4262048547713482
0.9903318355221302,0.7426976888117561,0.7414604780978523,-0.988682107543084
-1.2350024692469825,-0.08441506008296955,-0.08427443864529094,1.2329451607220616
1.08217898504639,-0.6010371417299604,-0.6000359139055256,-1.0803762550058622
-0.5810486821875732,1.0930413671691663,1.091220542208281,0.5800807518092577
-0.1070961725844206,-1.2332426408589363,-1.2311882639151517,0.10691776818903764
0.7607713807648642,0.9765162096064138,0.9748894961602572,-0.7595040622888927
-1.1695870388875365,-0.4054912574658541,-0.4048157765322924,1.1676387015798402
1.2019629894498671,-0.29604387074839855,-0.2955507109416633,-1.1999607191980803
-0.8474788080144711,0.902295224070995,0.9007921504312011,0.8460670493985861
0.22022768915131594,-1.2181365959308614,-1.2161073831430838,-0.21986082648206784
0.4779052402521343,1.1419122482723905,1.1400100125588601,-0.47710912967794394
-1.0222210505353315,-0.6981555165272268,-0.6969925056573728,1.020518200432483
0.4933828650726992,-0.6696784746314671,-0.6932114942585299,-0.4591049415908599
-0.04966428730896185,0.8303188360492412,0.8289356630901373,0.049581554873833755
-0.41003908608705386,-0.7237153161381673,-0.7225097268971228,0.4093560292281351
0.7377685331973127,0.38417899780695924,0.38353901955022807,-0.7365395336360638
-0.8280420564216673,0.07900799788027857,0.07887638370813688,0.8266626761983892
0.6518044956453644,-0.5167657209883082,-0.5159048753222345,-0.6507186978603774
-0.2657791332184563,0.7881988094876318,0.7868858014811106,0.2653363894263011
-0.2057890882329159,-0.805944639597745,-0.8046020699924041,0.2054462778692845
0.6111226630801397,0.5642915927088689,0.5633515768520714,-0.6101046344559996
-0.8197621664949372,-0.1410173794806896,-0.14078246800139138,0.8183965791899683
0.7645555259597249,-0.32764425625443566,-0.3270984554659023,-0.7632819037277289
-0.4632713819668182,0.6908513136577423,0.6897004703740325,0.46249964896445395
0.012880127728794027,-0.8317030799761197,-0.8303176010970739,-0.012858671580124326
0.4416566850306299,0.704865436448567,0.7036912479691417,-0.440920958515173
-0.7540432277997576,-0.3511619591319604,-0.3505769817653548,0.752787117306481
0.823735723248743,-0.11556543244389358,-0.11537291967141428,-0.8223635166596344
-0.6283031579226829,0.5450972873501189,0.5441892460108577,0.6272565094541757
0.23064685963475556,-0.7991857963406878,-0.797854485843141,-0.2302626403619984
0.2412447315418504,0.7960508089534074,0.7947247208229654,-0.24084285797872917
-0.6354900311876729,-0.5367013426414773,-0.5358072875484232,0.6344314105847099
0.8251984528211159,0.1046108235017313,0.1044365592841584,-0.8238238095681556
-0.7493110240126002,0.36114941537438816,0.36054780056833824,0.7480627965831721
0.4322526405230737,-0.7106712078682407,-0.7094873479402133,-0.4315325795803432
0.023929255950540955,0.8314585387388402,0.8300734672248455,-0.023889393793603553
-0.4724093552832382,-0.684635167058302,-0.6834946788400739,0.47162239993855937
0.7688412242245145,0.31745721422740375,0.316928383355074,-0.7675604627327034
-0.8178162079709119,0.15189654674202482,0.15164351238112495,0.8164538623088404
0.6035713680268037,-0.572361349699931,-0.5714078909713255,-0.6025659186031085
-0.1950628933831208,0.8086076790119415,0.8072606732261981,0.19473795107449565
-0.2762279275926992,-0.7845980136030911,-0.7832910039230592,0.2757677778485246
0.6586128725407722,0.5080600309566443,0.5072136875209032,-0.6575157331332501
-0.8290186924717416,-0.06799940047175146,-0.06788612479028178,0.8276376853353559
0.3985996398096825,-0.4923936105641962,-0.5114867439841903,-0.3733364681986079
-0.06658109025047224,0.6300000785729415,0.6289506033170728,0.06647017723775461
-0.28686704540160085,-0.5648366479287705,-0.5638957241007044,0.2863891726582263
0.5479850311040029,0.3178766211390811,0.31734709160463614,-0.5470721792643087
-0.6327302305172853,0.03139420281512061,0.03134190529937131,0.6316762072827442
0.5138268129220667,-0.37056058465952013,-0.3699432924120549,-0.5129708629875929
-0.2295446686807123,0.5904594699563349,0.5894758627721493,0.22916228547459006
-0.12861802063952527,-0.6203148759683461,-0.6192815346477422,0.1284037644279673
0.4453841071702945,0.45051763301892367,0.44976714563921355,-0.444642171390085
-0.6188002270199339,-0.1357181624578386,-0.13549207859195056,0.6177694088523389
0.5930511981866491,-0.2227631408250336,-0.222392054515424,-0.5920632736146906
-0.376424524346254,0.5095465808457067,0.5086977610653717,0.3757974637514386
0.03864300426352619,-0.6323289166267371,-0.6312755619143542,-0.03857863145125373
0.31157603499524444,0.5515918010607991,0.5506729409427399,-0.3110570011884517
-0.5615121644776022,-0.29332103525750103,-0.29283241124139436,0.5605767786855157
0.6307217058912559,-0.05935714193320029,-0.05925826281581781,-0.6296710285243637
-0.49692908789016693,0.3929308109444978,0.3922762536240221,0.4961012867527098
0.20319639334588258,-0.6000369707877001,-0.599037409081545,-0.2028579019803317
0.155936470955067,0.6140170662179786,0.6129942160000751,-0.15567670675295409
-0.46488009959199034,-0.43037150647341316,-0.42965457918686334,0.4641056867339069
0.6241988410486626,0.10820788979718769,0.10802763346596744,-0.6231590296888385
-0.5826148524209115,0.2487831873728881,0.24836875599726416,0.5816443130637172
0.353512229118269,-0.5257016686721533,-0.5248259372048486,-0.3529233365931539
-0.010629240846070937,0.6334194185686843,0.6323642472616449,0.010611534300244974
-0.33567484237899975,-0.5372667314981336,-0.536371734561368,0.33511566397084636
0.5739396473809599,0.2681910172714092,0.2677442556819476,-0.5729835594712227
-0.6274779926720867,0.08720383760513456,0.08705857052836996,0.62643271879144
0.4790581901654293,-0.41453153199277537,-0.4138409914668176,-0.4782601589685684
-0.1764501836053227,0.6084393751940302,0.6074258164807848,0.17615624697276788
-0.1829495394383515,-0.6065167817959771,-0.605506425803272,0.18264477596094952
0.4834656832060633,0.40938255183012906,0.40870058864795306,-0.4826603098595278
-0.6283750406890551,-0.08048570568667575,-0.08035162989929623,0.6273282724757471
-0.49986761366856175,0.5548010823709861,0.5788494359320973,0.4713179723253147
0.11760118178258851,-0.7374563270038836,-0.7362278475261864,-0.11740527779060539
0.30251600682953156,0.68275613348152,0.6816187754203769,-0.30201206552147364
-0.6252663186237049,-0.40830613880944755,-0.4076259687522016,0.6242247290238756
0.7467703252656612,0.0024399789627707804,0.002435914363995151,-0.7455263302173256
-0.6279211187554514,0.4042115050510346,0.4035381559720075,0.6268751067005396
0.30697114124140534,-0.6807647101897024,-0.6796306695082696,-0.3064597784210549
0.11277962902791216,0.7382090675892886,0.7369793341710893,-0.11259175694018964
-0.496231492795656,-0.5580557120507909,-0.5571260841330938,0.49540485373547327
0.7199678058439711,0.1982882516513224,0.19795793643277382,-0.71876845933125
-0.7119774826749826,0.2252996590288478,0.2249243473021606,0.7107914467105226
0.47483226426823105,-0.5763733104547998,-0.5754131684674682,-0.4740412727604737
-0.08485898539377501,0.7419372108154837,0.7407012669312886,0.0847176244504344
-0.3324267470077688,-0.6687034694605324,-0.6675895207982909,0.33187297938574445
0.6427186232292142,0.38024287442247184,0.37960945309204075,-0.6416479609951428
-0.7461470489099293,0.030601529336354495,0.030550552282662125,0.7449040921362201
0.6094228672602598,-0.43159661844713765,-0.4308776503279971,-0.608407670213027
-0.27655170526251477,0.6936793398329775,0.6925237855284861,0.2760910161586483
-0.14532954285362237,-0.7324965502776634,-0.7312763329624028,0.14508744802801066
0.5204354687468563,0.5355546611364336,0.5346625162238824,-0.5195685098919736
-0.7280356262404676,-0.166240786569874,-0.16596385709327033,0.7268228400820544
0.7013124635165874,-0.2565788391723209,-0.25615142153852966,-0.7001441936987048
-0.4488670160060057,0.596816784395835,0.5958225869841532,0.44811927827949016
0.051950603427700075,-0.7449651045506884,-0.7437241166996317,-0.05186406237051078
0.3616864714969564,0.6533412343720558,0.6522528766362351,-0.3610839620448075
-0.6589122447981359,-0.35143495251582724,-0.35084952038772876,0.6578146066863522
0.7440625380429811,-0.06358310841534578,-0.06347718954131387,-0.7428230537173697
-0.5897311382503145,0.4581365045188046,0.4573733253674639,0.5887487443454725
0.24559067778839536,-0.7052354863293231,-0.7040606814084049,-0.2451815646022243
0.1775948471726521,0.7253495312278367,0.7241412196564551,-0.17729900372118135
-0.5436202377349075,-0.512004794235135,-0.5111518794804528,0.5427146569143517
0.7346776810536148,0.13386775995886144,0.1336447585554773,-0.7334538303374727
0.2892291687103214,1.15857811917786,1.1421987096613062,-0.34662800902181434
-0.8729749162905374,-0.8147831403496885,-0.8134258472734268,0.8715206854026442
1.1757476270042562,0.20874455169999412,0.20839681802620524,-1.17378902718235
-1.1000978021064076,0.46447991998709925,0.46370617376156886,1.0982652222994638
0.6703738628898807,-0.9882083050777657,-0.9865621145468256,-0.6692571316302726
-0.024885442269392904,1.193874987188201,1.1918861902018378,0.024843987265205092
-0.6286125306964341,-1.0152847169745025,-1.0135934216487352,0.6275653668643577
1.0797871969255435,0.5099180126512969,0.5090685741273959,-1.0779884512058038
-1.1834248581065505,0.15956934381660343,0.1593035278530508,1.181453469295663
0.9061690135515509,-0.777698199271144,-0.7764026835332583,-0.9046594868233798
-0.33725638149825,1.1455194906282815,1.1436112458495746,0.3366945685091616
-0.3402045581224948,-1.1446473819055583,-1.1427405899148,0.33963783396194325
0.9081682990634911,0.775362567349428,0.7740709423855024,-0.906655441858486
-1.183831768585434,-0.15652192804349851,-0.15626118856730487,1.1818597019293438
1.0784707654090313,-0.5126963803545225,-0.5118423135325079,-1.0766742126449738
-0.6259964598065817,1.0168997996755618,1.015205813890807,0.624953653913064
-0.027959151956322186,-1.193806959308101,-1.1918182756449875,0.02791257666349467
0.672915916573926,0.9864790618619556,0.9848357519624418,-0.6717949506761406
-1.101290022162811,-0.46164603036872964,-0.46087700493158024,1.099455456315845
1.1752062891316541,-0.21177098067482678,-0.21141820547420753,-1.173248591088629
-0.8708742538411101,0.8170280315064232,0.8156669988152682,0.8694235223072139
0.28624529447589536,-1.1593189387140101,-1.1573877063520464,-0.28576845746606905
0.3905136999874521,1.128474997681686,1.1265951461909318,-0.389863169171466
-0.9415831492234443,-0.7344235449446266,-0.7332001175770231,0.9400146284406569
1.1895975255556217,0.10399277601118712,0.10381954135784355,-1.187615854108404
-1.054731680283595,0.559908789783403,0.5589760749467404,1.0529746728836946
0.5803931219262426,-1.043599824784999,-1.0418613612031338,-0.5794262836020964
0.08074899172337854,1.191401011669131,1.1894163359140995,-0.0806144773453421
-0.7159014818396767,-0.955741512423901,-0.954149406164776,0.7147089091458081
1.1206361103472529,0.4124699727935971,0.41178286648203444,-1.1187693171377304
-1.1646862274550382,0.26355789088380865,0.26311884731164303,1.1627460540833396
0.833873997182715,-0.8547578178016814,-0.8533339335672646,-0.8324849019169089
-0.900200076895949,-0.3366362363162673,-0.29110294837701445,0.9155182834032366
0.9384694742422163,-0.20726596430719754,-0.2069206937138729,-0.936906140323534
-0.6746859565920328,0.684458175509759,0.6833179821299346,0.6735620421021588
0.19375008024595228,-0.9413527715205079,-0.9397846345085461,-0.1934273248655083
0.3495456044107173,0.8952664432903765,0.8937750784293008,-0.34896331962202043
-0.7803376097956589,-0.5610323954844787,-0.5600978089076858,0.7790376972391863
0.959972538483498,0.04622617659079656,0.0461491714757839,-0.9583733840393429
-0.830633641677849,0.48345825813367715,0.4826528971561045,0.8292499443049767
0.43394954116645207,-0.8575382963845289,-0.856109780335694,-0.43322665346970324
0.10240423158072919,0.9556136810442883,0.9540217877310486,-0.10223364317798023
-0.6057984915191352,-0.7461181687358878,-0.7448752600717895,0.6047893320785119
0.914212301601609,0.2964793443815995,0.2959854591482647,-0.9126893760945066
-0.9283805360915949,0.24858341507618215,0.24816931648792895,0.92683400866439
0.643743050364763,-0.7136378767636459,-0.7124490748589879,-0.6426706816056177
-0.15191239511221163,0.9490030338496952,0.947422152774152,0.15165933435054124
-0.38881231905982383,-0.8789249766572663,-0.877460833959236,0.3881646224611668
0.8043950892667874,0.5259588143649003,0.5250826545356613,-0.8030551009544126
-0.9610777160055217,-0.0037091565435234913,-0.0037029777061653446,0.9594767205196938
0.8084308081933278,-0.519734319059784,-0.5188685282035654,-0.807084097045026
-0.39558483276105394,0.875897696157527,0.8744385964049924,0.3949258542820222
-0.14458286718478727,-0.9501473193990922,-0.9485645321344434,0.14434201619654474
0.6382155676550482,0.7185854321146506,0.7173883884064813,-0.6371524067620477
-0.9264341572806474,-0.25574183519391414,-0.2553158118693932,0.9248908721966022
0.9164734822212068,-0.2894140467046993,-0.2889319310811861,-0.9149467899636652
-0.6115394548900904,0.7414200086033459,0.7401849262919991,0.6105207319602074
0.10977720878921006,-0.9547947939086726,-0.9532042647251517,-0.10959433823378661
0.42731759401705105,0.8608622467550388,0.8594281935581424,-0.4266057540402446
-0.8268772628155527,-0.48985520950921185,-0.4890391922754733,0.8254998229445062
0.9603007445213438,-0.03881512741711807,-0.0387504678763545,-0.9587010433405305
-0.7846447653420068,0.554992546135569,0.5540680209423532,0.7833376777813524
0.35644542155335973,-0.8925417612068929,-0.8910549352125748,-0.3558516428178632
0.18647835555185024,0.9428202145453459,0.9412496330175157,-0.1861677136542489
0.4613176398594913,0.8266874936533202,0.8022637030754448,-0.5018491023163896
-0.8368139461224713,-0.44268340445884946,-0.44194596759976335,0.8354199533912088
0.9429758747914736,-0.0838014115012076,-0.08366181229992442,-0.9414050339596409
-0.7456344721645008,0.5833141614330186,0.582342457143385,0.7443923692583748
0.30830543859088927,-0.8950831992298923,-0.8935921396229192,-0.3077918530532642
0.22825384060241335,0.9187634958239186,0.9172329887848358,-0.22787360770099296
-0.6913480366945643,-0.646733383371317,-0.6456560332152195,0.6901963659529653
0.931927067944216,0.16654764195639685,0.16627020130979275,-0.9303746325853329
-0.8725589030808124,0.36724261417045423,0.3666308491095044,0.8711053652016704
0.5323515980903626,-0.7828332855844702,-0.7815292156476134,-0.5314647889476015
-0.020803235751134855,0.946463629724155,0.9448869788732219,0.02076858102344592
-0.49744079242747735,-0.8054680844313219,-0.8041263086875546,0.4966121388754202
0.8555800484053859,0.4052270447279857,0.4045520039289191,-0.8541547944716978
-0.9383449264981457,0.12543913234524928,0.1252301716323917,0.9367818000552143
0.7190969761504694,-0.6157318538938771,-0.6147061471250787,-0.7178990802950003
-0.2684026721675094,0.9078470039503793,0.9063346819694773,0.2679555579961945
-0.26867889506287357,-0.9077652936503647,-0.9062531077853448,0.2682313207502479
0.7192842947894634,0.6155130220211135,0.6144876797898635,-0.7180860868924344
-0.9383830510764722,-0.12515361145708304,-0.12494512637449995,0.9368198611244741
0.8554567082628612,-0.4054873577516438,-0.4048118833144593,-0.85403165979337
-0.49719568544518306,0.8056194060367676,0.8042773782164638,0.496367440200573
-0.021091220189451938,-0.9464572560022241,-0.9448806157689174,0.02105608572765094
0.5325897701940863,0.7826712679618116,0.7813674679193872,-0.531702564296303
-0.8726706055050047,-0.36697709914362214,-0.36636577638651524,0.8712168815482887
0.9318763484882298,-0.16683119653285175,-0.16655328353155807,-0.9303239976195795
-0.6911512197673952,0.6469437134885703,0.6458660129575711,0.6899998768900684
0.22797427309833732,-0.9188329052736544,-0.9173022826099576,-0.22759450590980224
0.3085777759299659,0.8949893480988784,0.8934984448322251,-0.3080637367236866
-0.7458119256754722,-0.5830872563592722,-0.5821159300556566,0.7445695271613006
0.943001329829978,0.08351448345785747,0.08337536223089803,-0.9414304465942411
-0.8366792098076632,0.442938005689243,0.44220014470689184,0.8352854415246141
0.4610660780096099,-0.8268278228973526,-0.8254504653849787,-0.4602980186764738
-1.0305808691190232,-0.20150342088634568,-0.1496816328336048,1.0389308708167038
0.9743531805672363,-0.39158196580222077,-0.3909296554331737,-0.9727300703673155
-0.6045231570390869,0.8586339784952123,0.8572036372223596,0.6035161220933877
0.04012315891059013,-1.0493286847037284,-1.0475806777949326,-0.04005632040707474
0.5371907564421172,0.9022896694610699,0.9007866050743374,-0.5362958860670985
-0.941606097737837,-0.46484246054544537,-0.4640681103876887,0.9400375387265366
1.0429589799910797,-0.1222175211620153,-0.12201392711710057,-1.041221583949981
-0.8086282744724278,0.6699409452681371,0.6688249351772535,0.8072812343781227
0.31403494544098687,-1.002039225512104,-1.0003699949701652,-0.31351181549873763
0.2816327107632095,1.0116242250219136,1.0099390274663858,-0.2811635575500032
-0.7866549239570518,-0.6956109451677325,-0.6944521731302455,0.7853444878068483
1.0384867890371183,0.15571045378649762,0.15545106609133552,-1.036756842921709
-0.9560744720490885,0.4343065280640828,0.43358304568660244,0.9544818111347392
0.5659429493092504,-0.8845389389677359,-0.8830654443430425,-0.5650001825672202
0.0063412403551822896,1.0500763520305458,1.0483270996324092,-0.0063306769043658395
-0.5765844577913786,-0.8776394017228505,-0.8761774005786532,0.5756239640676897
0.9612499649262763,0.4227281175321243,0.42202392285916157,-0.9596486825024264
-1.0365304979993755,0.16824114580027077,0.1679608840582103,1.0348038107392448
0.7781964948551489,-0.7050608284525395,-0.7038863144826729,-0.7769001490398092
-0.2693945477207155,1.0149517890428945,1.013261048319719,0.2689457812498691
-0.3261139046933887,-0.9981734706896654,-0.9965106798517989,0.32557065321583367
0.8166603330490637,0.6601260916273597,0.6590264314488087,-0.8152999128823252
-1.044358964081737,-0.1096125474803967,-0.10942995122330212,1.042619235900309
0.9359234127444621,-0.4761805559866763,-0.47538731844941506,-0.9343643201404644
-0.5262544139781582,0.9087116419368282,0.9071978796131114,0.5253777617291705
-0.05279322110469097,-1.0487675777923402,-1.0470205055943627,0.05270527638674749
0.6148489914925267,0.851270388351224,0.8498523135936847,-0.6138247554255449
-0.9790113457808073,-0.37978591503039394,-0.37915325491821306,0.977380475853028
1.0280721022824681,-0.21393529145871945,-0.2135789108766062,-1.0263595053013974
-0.7462407159451799,0.7387999392857625,0.7375692215736479,0.7449976031377614
0.22422657489198933,-1.0258766980174703,-1.0241677582144524,-0.22385305074478945
0.3699564458367856,0.9827679200130794,0.9811307922579582,-0.36934015998404235
1.0734092069754255,-0.2817209745205413,-0.3348774241455432,-1.0575467716610087
-0.747404947102112,0.8203413180815072,0.8189747660063984,0.7461598948794601
0.18084321663312278,-1.0949291137339445,-1.093105144101428,-0.18054196193886818
0.4439241584951951,1.017106373300624,1.0154120433986509,-0.4431846547464341
-0.9258114615582044,-0.611920886023575,-0.610901527692862,0.924269213781474
1.1097199188771005,0.00978441371861319,0.009768114514148163,-1.1078713102253956
-0.9364573167994066,0.5955012400635883,0.5945092341297009,0.9348973348000372
0.46178942656631944,-1.0091206858527704,-1.0074396587767434,-0.46102016225495146
0.16150859627872705,1.0979476337387366,1.096118635754398,-0.16123954984339495
-0.7328239562434854,-0.8333925139212986,-0.8320042207265316,0.7316031935243444
1.0682748387394259,0.30060422821488886,0.300103471611749,-1.06649527069198
-1.0598940485864963,0.3289356150910712,0.3283876631136884,1.0581284415403045
0.7103790012735806,-0.8526052472592259,-0.8511849488490403,-0.7091956281130346
-0.13222354105834078,1.101857961941742,1.100022450001486,0.13200327864995587
-0.48848898372211824,-0.9964700426438056,-0.9948100894333602,0.48767524239313187
0.9519779380757808,0.5703613227782898,0.5694111957615777,-0.9503921013050243
-1.1090661845744694,0.039322148184510436,0.039256644031544496,1.1072186649354037
0.9091937805999933,-0.6363495127857857,-0.6352894604295617,-0.9076792151135077
-0.4166910468552046,1.028563369255939,1.0268499539060283,0.41599690893700636
-0.20992659292546484,-1.0897269652014314,-1.0879116614824706,0.209576890167803
0.7689779014947641,0.8001543726788753,0.7988214486943734,-0.76769691232138
-1.080528334340962,-0.2530465407603155,-0.2526250073476377,1.0787283540097399
1.0443032219170423,-0.3755060769123457,-0.3748805462981075,-1.0425635865927745
-0.6719618681258349,0.8831994570249992,0.8817281937543758,0.6708424915139194
0.08334492242178551,-1.1066289608585718,-1.1047855012284977,-0.08320608365530835
0.5320971651314232,0.9738822515907755,0.972259925880205,-0.531210779831674
-0.9762800863499234,-0.527684779106809,-0.526805744107538,0.9746537662456922
1.1062404845896192,-0.08835170263973488,-0.08820452341091967,-1.1043976720961801
-0.8801497035118517,0.6759515755676697,0.6748255527672581,0.8786835206227411
0.3707766304941321,-1.0459917415466689,-1.0442492934296512,-0.3701589783502268
0.25793347492279917,1.07937220439414,1.0775741499827873,-0.2575038006913366
-0.8036259009010839,-0.7653492304205557,-0.7640742860089805,0.8022871939283815
1.1560631384239979,0.364423295473601,0.30606122325092855,-1.1723433152134561
-1.1682736313038595,0.32314554105956134,0.3226072343816433,1.1663274819146277
0.80446714597166,-0.9067077419757673,-0.9051973178157136,-0.8031270376247301
-0.18173732522056563,1.1984397619105673,1.196443360769407,0.1814345810902407
-0.4994859152454942,-1.1044456250888741,-1.1026058025326164,0.4986538548592512
1.019946146534942,0.6549779969396726,0.6538869126298152,-1.0182470860434778
-1.212129630251924,0.0052988462816766,0.005290019285860703,1.2101104240689922
1.014180778053767,-0.6638702190434802,-0.6627643217719048,-1.0124913217064706
-0.4898108021511173,1.1087703533205882,1.1069233264870708,0.4889948588926951
-0.1922081806155638,-1.1968050524672085,-1.194811374479894,0.19188799378323518
0.8123636261713254,0.8996397374395808,0.8981410873984941,-0.8110103636029187
-1.1710541993397674,-0.31291912775552616,-0.31239785657979025,1.1691034179870663
1.1528328491715134,-0.37451667543338263,-0.3738927929972724,-1.1509124215549105
-0.7635642437080427,0.9414116867965618,0.9398434516414916,0.7622922727872083
0.12853718586091126,-1.2053068116282843,-1.203298971125397,-0.12832306430662355
0.5478604575410447,1.0812655720818545,1.0794643636351267,-0.5469478132201389
-1.0479254095198898,-0.6092115021806092,-0.6081966572324049,1.046179740234069
1.2107082939067983,-0.05892151875056182,-0.05882336530890986,-1.2086914554337806
-0.9838163093479507,0.7080902398476908,0.7069106793827434,0.9821774351508605
0.4402762161230761,-1.1293552017956658,-1.127473884031396,-0.4395427892390624
0.2449698335911825,1.187129352234579,1.1851517923532366,-0.24456175462816532
-0.8513706418209913,-0.8628176797863476,-0.8613803691636612,0.84995240005801
1.1837518988958973,0.2608021475504762,0.2603676945879485,-1.1817799652895853
-1.135134389886478,0.4251543663231464,0.4244461299236213,1.1332434449568887
0.7211659975627289,-0.9742719960390614,-0.9726490210791383,-0.7199646550621014
-0.07508532269933019,1.209813420582579,1.2077980728195532,0.07496024305102655
-0.5951620845056772,-1.0559679973718143,-1.0542089304732933,0.5941706435484967
1.073852443288345,0.562251943838556,0.5613153256971737,-1.072063583880152
-1.2069159386791948,0.11242880088616451,0.11224151321974518,1.2049054176385061
0.951525160980243,-0.7509235555821283,-0.7496726419434668,-0.9499400784607331
-0.38987940487762524,1.147728351117481,1.1458164267448316,0.38922993069159917
-0.2972517441680704,-1.1751288094909524,-1.173171240515939,0.2967565722452903
0.18758737154142616,-1.3507669003322045,-1.3578883025776023,-0.1197928003880544
0.5774464869966206,1.235441538742386,1.2333834988006886,-0.576484557275817
-1.1566251851495855,-0.7224807416620734,-0.7212772090165875,1.15469844013253
1.3635360383469746,-0.023015497473015113,-0.022977157485577493,-1.3612646142925848
-1.1315833521437033,0.7611040389763496,0.7598361663470843,1.1296983226517414
0.5354227087743749,-1.2542259620672838,-1.2521366304032957,-0.5345307836724389
0.2330674502365615,1.3436665526220115,1.3414282278231755,-0.23267919866280518
-0.926543232470251,-1.000638735687596,-0.9989718381285584,0.9249997656850356
1.3218046434119533,0.3355483953910258,0.3349894276224652,-1.3196027369145973
-1.2916340541057938,0.43754052528779996,0.4368116556093038,1.28948240678777
0.8457420781595785,-1.0698039905633228,-1.0680218752034976,-0.8443332126465997
-0.12764214334551421,1.3577436150603162,1.3554818402188922,0.12742951278306047
-0.6315403013765457,-1.2086840318015766,-1.2066705654121617,0.630488260365899
1.1874571160443579,0.6706011024077645,0.6694839926049279,-1.1854790101629058
-1.3611826147675619,0.0833194470063013,0.08318065067762781,1.3589151111250126
1.096802039806246,-0.8104230540105277,-0.8090730241122335,-1.0949749501906174
-0.47940811450123566,1.2766863752485427,1.2745596282752802,0.4786095003887436
-0.2922866404338242,-1.3320393240512087,-1.3298203682797454,0.2917997395473604
0.969906911136092,0.958666169594681,0.957069191343714,-0.9682912076809724
-1.3353559095437348,-0.27673965354014063,-0.2762786513457216,1.3331314288929557
1.2710113386281852,-0.494257441090654,-0.4934340904720447,-1.268894045321205
-0.7975829452087853,1.10617434724684,1.1043316449273748,0.7962543047943826
0.06744694417508641,-1.3620613608484515,-1.3597923933614087,-0.06733458879385368
0.6843973240477373,1.1795594702392878,1.1775945205211973,-0.683257232036395
-1.215963562544221,-0.6174081758121271,-0.6163796765701368,1.2139379696684993
1.3561634874027229,-0.14346022595331823,-0.14322124509848821,-1.3539043447910282
-1.0598727795610927,0.8581549581167353,0.8567254148120756,1.0581072079454594
0.422454660142949,-1.296646559829778,-1.2944865625115647,-0.4217509210043924
0.3509334242578583,1.317803465139452,1.3156082239389233,-0.3503488275923461
-1.0113711499351021,-0.9148161772038369,-0.9132922457404113,1.009686373960496
1.346292050221854,0.21738895212114462,0.21702681831522574,-1.3440493517810383
-1.2478995083911444,0.5500064162826037,0.5490901971517048,1.2458207155457652
-1.219685798554286,0.29433489469752144,0.3547780683835433,1.2029495201847096
0.8632792315989268,-0.9105028532198971,-0.9089861070362842,-0.8618411521076974
-0.22902025120102948,1.233619147861861,1.2315641437199787,0.22863874158713382
-0.4789504868694864,-1.1596865561689886,-1.1577547114174132,0.4781526350884202
1.0327676859400121,0.7125007960063761,0.7113138882889936,-1.0310472668982784
-1.2541814359753845,-0.03599170857753035,-0.035931752382514226,1.2520921784844512
1.071928184506321,-0.6521015601059311,-0.6510152674610103,-1.0701425305929506
-0.5446674056923366,1.130311414879982,1.1284285042238102,0.5437600804642995
-0.15789835864156973,-1.2447226943258909,-1.2426491935240085,0.15763532626115295
0.8096434401404247,0.958511333928392,0.9569146136078094,-0.808294708949121
-1.200799160009121,-0.36379644686692125,-0.3631904225470062,1.1987988285035378
1.205469334464721,-0.3480088520379761,-0.3474291272229302,-1.2034612232259254
-0.8221508354390528,0.9478050860902123,0.946226200596289,0.8207812690092525
0.1742173827819368,-1.24254367366633,-1.2404738027500415,-0.17392716562388055
0.5297891439139781,1.137360954324748,1.135466300309302,-0.5289066033932766
-1.0632793569259495,-0.6661107164479089,-0.665001086880575,1.0615081105195379
1.2545457277885887,-0.019531879556431722,-0.019499342696548405,-1.2524558634482708
-1.0420278472978548,0.6988880045382133,0.6977237734654113,1.0402920023689193
0.4941260705563214,-1.1533021736857068,-1.151380964252682,-0.4933029387791166
0.21281361214139158,1.2365180321851115,1.2344581989846248,-0.21245910009031532
-0.8512577564518423,-0.9217519783066283,-0.9202164929533035,0.8498397027370941
1.2157186825470838,0.31031365154886364,0.30979672066277164,-1.213693497600668
-1.1888921113313415,0.4010012781098232,0.4003332767345369,1.1869116149867858
0.7794123609763576,-0.9832511627193059,-0.9816132299624414,-0.7781139897304595
-0.11907333167969893,1.2490348350283524,1.2469541509179853,0.11887497533104696
-0.5795902760069325,-1.1128079750746824,-1.110954222235525,0.5786247750905671
1.0917087299336412,0.6184161434004477,0.6173859650521496,-1.0898901249244035
-1.2524531506561636,0.07501721697754617,0.0748922507820804,1.250366772200821
1.010086830501734,-0.744305765313267,-0.7430658758115433,-1.0084041939894588
-0.44261705208199137,1.174034336226098,1.1720785904613698,0.44187972575486456
-0.2673120971302375,-1.225891806057713,-1.223849674380846,0.2668667996754237
0.8912049922413945,0.8831874881561802,0.8817162448235399,-0.8897203930816583
-0.4625988023178083,-0.9975103091314464,-0.9727379514206308,0.5116621561000367
0.9308201509070269,0.585318986019422,0.5843439420257612,-0.9292695594876527
-1.0994505723156587,0.015261315937856583,0.01523589312603213,1.0976190706858242
0.9142151948067341,-0.6109296574188142,-0.6099119503099637,-0.912692264480014
-0.43473331050716785,1.009966047679259,1.0082836123711176,0.4340091171811572
-0.18467050763129914,-1.0839378544642597,-1.0821321944399707,0.1843628773073669
0.7446368409342056,0.8090367382590924,0.8076890177320889,-0.7433963999156112
-1.0649366378273486,-0.2737415316358973,-0.27328552381347015,1.0631626306669175
1.042479185208448,-0.34965928721616224,-0.3490768130508537,-1.0407425884256216
-0.684492570099105,0.8605198371963928,0.8590863543968985,0.6833523194236257
0.1061972696606056,-1.0944161039778322,-1.0925929889341894,-0.10602036268782089
0.5062783592233676,0.976066950424754,0.9744409853695446,-0.5054349837562039
-0.9558047836843426,-0.5435638731699444,-0.5426583862433887,0.9542125720259217
1.097698803465852,-0.0638890100018902,-0.06378258154671745,-1.0958702199912491
-0.8862908432946343,0.6507787717968916,0.6496946826970645,0.8848144302889688
0.3896240227135226,-1.0282108682823368,-1.0264980401402164,-0.3889749739517018
0.2324459942883265,1.0747061591284828,1.0729158775719498,-0.23205877795676177
-0.7797016544239275,-0.7752998122132978,-0.7740082917890329,0.7784028012633287
1.0760049245135226,0.22635783872451365,0.22598076424660385,-1.0742124794300683
-1.025988540186781,0.3954389764992604,0.39478024099250775,1.0242794140734603
0.6457506219453565,-0.8899610120598372,-0.8884784851641109,-0.6446749089062337
-0.05767338332874002,1.098042917915689,1.0962137612038532,0.0575773090728926
-0.54896643407204,-0.9527120881943364,-0.9511250284518221,0.548051947378434
0.9789175938256883,0.5007442593059946,0.4999101027280556,-0.977286880073194
-1.0937973305102837,0.1123915855300633,0.11220435985822896,1.0919752462403067
0.856630803396323,-0.689353418358069,-0.6882050703186338,-0.8552037990797856
-0.3437517056092015,1.0444420681015052,1.042702201482475,0.34317907249136415
-0.2797662649000205,-1.0633697878693358,-1.0615983908200186,0.2793002208749207
0.8132395209565375,0.7400445596609476,0.7388117686184337,-0.8118847992931844
-1.0849659918087868,-0.1785308526495067,-0.17823344996867663,1.0831586190788012
1.0074886265293597,-0.44044424862105874,-0.43971054182285696,-1.0058103181923923
-0.6057440529694625,0.9176593109763086,0.9161306433253558,0.6047349842143263
1.1659934034306614,-0.00665031605718858,-0.06489034104222302,-1.1637188137227579
-0.9747339555804247,0.6399051174869725,0.6388391420851491,0.9731102110727186
0.46974961767255047,-1.0672020147300934,-1.0654242338288356,-0.46896709300791595
0.18642689561325315,1.1510125351791278,1.1490951399025937,-0.18611633943932837
-0.7826006183989243,-0.8643616810277389,-0.8629217983559295,0.781296936046838
1.1268888994590764,0.2995100195709472,0.29901108573724966,-1.1250116901438134
-1.1084801655378915,0.36174102083751325,0.3611384205152002,1.1066336221088688
0.7332993954385192,-0.9065632025385654,-0.9050530191571726,-0.7320778407168127
-0.1221011244649813,1.1596017242794463,1.15767002084372,0.12189772431758006
-0.528396241024947,-1.039414381283126,-1.0376828899534454,0.5275160208486285
1.008825608295085,0.5846843042151285,0.5837103174956987,-1.0071450727691493
-1.1645574504223317,0.05823047495354692,0.05813347267581093,1.1626174915718217
0.9454683929513967,-0.6824033715313699,-0.6812666011129315,-0.9438933999992472
-0.42207376991203743,1.0869400058419592,1.0851293447331996,0.4213706652732363
-0.23716822594508466,-1.1416374539009917,-1.1397356759491528,0.23677314316163378
0.820075981896221,0.828890962349347,0.8275101679900798,-0.8187098718269753
-1.139036590231986,-0.24936016053124596,-0.24894476801436305,1.1371391448862234
1.091390364983741,-0.41042893997394264,-0.4097452336833973,-1.0895722903176437
-0.6924725745004443,0.9381186370135731,0.9365558875313951,0.6913190304660916
0.07067767887544991,-1.1638683384542499,-1.161929527549647,-0.07055994162802559
0.5738653183292478,1.015018935767382,1.0133280831889293,-0.5729093542393482
-1.0337057791443842,-0.5394786424975314,-0.5385799608852437,1.0319837973956496
1.1608408591144403,-0.10969659683839691,-0.10951386056909374,-1.1589070914864352
-0.9143512501987682,0.7235652249848851,0.7223598857707941,0.9128280932264854
0.37357134412005233,-1.104549362590833,-1.1027093672252892,-0.3729490364485444
0.2874450923388523,1.130026620234137,1.128144183998508,-0.2869662566655473
-0.8559453304286406,-0.7917969656830487,-0.790477963747232,0.8545194679958684
1.1489536220783332,0.19872196119341323,0.19839092348692522,-1.147039656608226
-1.0721632146017503,0.4583130860037913,0.4575496126971057,1.0703771691673176
0.6502896337124976,-0.9678368849313109,-0.9662246297951221,-0.6492063594352665
-0.019115820001672564,1.1658556638680198,1.163913542409939,0.019083976227692867
-0.6182105530757903,-0.9886357041970532,-0.9869888016902739,0.6171807172068072
-0.7877289637281125,-1.0283586841523482,-0.9872919726886775,0.8377918386157501
1.2204097798384481,0.43432530762365834,0.4336017939625525,-1.2183767803047734
-1.2602932364096933,0.2994986841835802,0.29899976923276284,1.2581937976766788
0.8945425660795364,-0.9369269454122627,-0.9353661810898373,-0.8930524070774237
-0.24087716107896706,1.272798765256414,1.2706784943940936,0.24047589982700734
-0.4903162303472888,-1.1990114669283773,-1.1970141134218262,0.4894994451296242
1.0636979393359705,0.7393140046151737,0.738082430555797,-1.0619259956409848
-1.2947210825209194,-0.04166319771181031,-0.04159379376001526,1.2925642927274519
1.1090292575407301,-0.6693971985946549,-0.668282094295215,-1.1071817994158728
-0.566388667309527,1.1650074596804316,1.1630667511894144,0.5654451580755371
-0.15854804727877225,-1.2856519825644122,-1.283510300381753,0.1582839326252372
0.8324549722340971,0.9925004900605557,0.9908471494639742,-0.8310682408277226
-1.238430485600747,-0.37990582504406584,-0.3792729651818094,1.2363674665711515
1.2458085501817227,-0.35496416701102235,-0.35437285579903666,-1.2437332405246582
-0.8522144846742403,0.9755864778066239,0.9739613131387476,0.8507948372094054
0.18432927133170873,-1.2822095083480065,-1.2800735607542393,-0.1840222094506372
0.5428835975745501,1.1761445077252322,1.1741852467662097,-0.5419792438739535
-1.095365611986515,-0.6915292326757579,-0.6903772600918456,1.0935409152206788
1.2952966003200286,-0.01565952640060433,-0.01563344023645552,-1.2931388518098041
-1.0783273860895988,0.7178081581988941,0.7166124092997017,1.0765310721717614
0.5142910170623988,-1.188925251366392,-1.1869446998160675,-0.5134342938411407
0.21527348593593704,1.2773784990443142,1.2752505991080154,-0.2149148761446107
-0.8755507230901685,-0.9546986094386009,-0.9531082404823815,0.8740922013370123
1.2540258820785855,0.32474234501330523,0.3242013783258235,-1.2519368837146871
-1.2288841056640831,0.4097344974662271,0.40905194800129885,1.2268369893143705
0.8082174491160364,-1.0123354476220232,-1.0106490652881244,-0.8068710933884332
-0.12742039604804212,1.289109206482785,1.2869617651405096,0.12720813487963722
-0.5943877960209207,-1.1509742184380618,-1.149056886990762,0.5933976448994638
1.124888149791355,0.6423901883020139,0.6413200731858248,-1.1230142733919546
-1.293335443749907,0.07295158331349978,0.0728300581198571,1.291180962199873
1.045513747000658,-0.7648133814208269,-0.7635393296445347,-1.0437720951429512
-0.4611861929826797,1.2105146835003107,1.2084981675498425,0.4604179335579839
-0.9640829420335483,0.2670560669380436,0.314775186353633,0.9491352606221221
0.6636504101232343,-0.7485606155494299,-0.747313638175523,-0.6625448790167082
-0.14961738675508576,0.9891357336528984,0.9874879981803553,0.1493681490952986
-0.41257103116121213,-0.911350649451161,-0.9098324909801644,0.41188375650329456
0.8419705986932562,0.5402410322667083,0.5393410806399335,-0.8405680158372155
-1.0003760842047211,0.00474891142342509,0.004741000527540007,0.9987096241793023
0.8368035825570823,-0.5482103850057121,-0.5472971577639241,-0.8354096070897767
-0.40390003890092785,0.9152265405812419,0.9137019255208386,0.4032272086726635
-0.15900153608780193,-0.987670680707997,-0.9860253857697912,0.15873666599740155
0.6707273629223214,0.7422261559900374,0.740989730771277,-0.6696100427905383
-0.9665749319134956,-0.2578909905461995,-0.2574613870866166,0.9649647789810112
0.9513236492529281,-0.3094481804447563,-0.308932691289453,-0.9497389024184969
-0.6298822461369946,0.7771893064176147,0.7758946384105064,0.6288329671703491
0.1057088695556288,-0.9947866589906349,-0.9931295100171258,-0.10553277617611767
0.45248764050702517,0.8922050197106403,0.8907187546715883,-0.4517338714227548
-0.8650478623724803,-0.5024610012859516,-0.5016239849016002,0.86360683663675
0.9991864247033622,-0.04900357841006268,-0.04892194660599147,-0.9975219464527374
-0.811729900044087,0.5846960162194499,0.5837220099898305,0.8103776931579559
0.3630124721507739,-0.9321999823382654,-0.930647092349503,-0.3624077538022502
0.20254303988134106,0.9796689129517707,0.9780369476266737,-0.20220563689392124
-0.7029086685048335,-0.7118246032199512,-0.7106388219272552,0.7017377396751723
0.9770382626855465,0.21487460356423624,0.2145166582445085,-0.9754106795858788
-0.9367013095706909,0.3512342788752707,0.350649181036074,0.9351409211200779
0.5948805375332435,-0.8042959704441133,-0.802956147247198,-0.5938895655864929
-0.06159333492099041,0.998489420625872,0.9968261034680127,0.061490730678339656
-0.4915181101070966,-0.8713121194183097,-0.8698606584732571,0.49069932275788763
0.8864310393536498,0.46369696406045935,0.4629245221091194,-0.8849543928047012
-0.9960399851154952,0.09316227809367278,0.09300708524695556,0.9943807483092983
0.7850665473106412,-0.6200365943250667,-0.6190037165753348,-0.783758757131438
-0.32141399144192645,0.9473478284737068,0.9457697046947902,0.3208785692373739
-0.24568788877915512,-0.9697485876843133,-0.9681331479695501,0.24527861365570336
0.7337134164689086,0.680029032102307,0.6788962169380297,-0.7324911720570609
0.3588341326023188,-0.745015570377764,-0.761701258649819,-0.3210166281228577
0.10421669389933817,0.8203346972659727,0.8189681562200392,-0.10404308623607694
-0.5337246540131408,-0.6316234072010922,-0.630571227749955,0.5328355575877797
0.7914496291978735,0.2396197388954258,0.23922057229951,-0.7901312058668871
-0.7944410471029622,0.22950720577731895,0.22912488497816186,0.7931176405677068
0.5417360991096881,-0.6247656630667067,-0.6237249074756925,-0.5408336569504346
-0.11466962696879517,0.8189389546703716,0.8175747386992341,0.11447860645911578
-0.34930406063102676,-0.7495310587643713,-0.7482824647936254,0.3487221782140726
0.7008518115013683,0.4388813884650545,0.43815028513170373,-0.6996843090530169
-0.8268255416338827,0.013025303359231851,0.01300360537214107,0.8254481879217592
0.6866797314950476,-0.4607397108776851,-0.45997219521792254,-0.6855358373727785
-0.3255212829488321,0.7601618440655319,0.7588955409761673,0.3249790186804069
-0.14040845023343745,-0.8149206108135981,-0.813563088734427,0.14017455312890947
0.5611467490140741,0.6073915219170408,0.6063797087529151,-0.5602119719433202
-0.8012760712296131,-0.2043692552724101,-0.20402881011411356,0.7999412786819496
0.7835091275839337,-0.26443067488176697,-0.26399017739671904,-0.7822039318067525
-0.5135643322248038,0.648121756687935,0.6470420937330706,0.512708819539523
0.07832529145405312,-0.8232103519419572,-0.8218390205341054,-0.0781948145571626
0.38212328809338153,0.7333429808230703,0.7321213534954218,-0.38148673430686786
-0.719582834726524,-0.407444080571437,-0.4067653465597454,0.7183841295116544
0.8254396507689237,-0.049593525426620405,-0.04951091086902448,-0.8240646057203321
-0.6656229851355034,0.4906691109954496,0.4898517379374262,0.664514168047432
0.29157094108323567,-0.7738194370404505,-0.7725303826748027,-0.29108523243271844
0.1763252343975619,0.8079106055377714,0.8065647609605016,-0.17603150590964067
-0.587469909164688,-0.5819701372508703,-0.58100067188182,0.5864912820911833
0.8095333155408768,0.1687185403420699,0.16843748334014808,-0.8081847677988765
-0.7710428046537395,0.29883628999413486,0.29833847848177275,0.7697583756953053
0.48438681462754263,-0.6702085859198956,-0.6690921299842003,-0.48357990682936725
-0.041827565774269,0.8258695959818128,0.8244938347159539,0.041757888012626254
-0.414194175484019,-0.7157187435165276,-0.7145264752342458,0.41350419693785223
0.7369046460901417,0.3752088450403675,0.3745838095648596,-0.7356770856209743
-0.8224372408727754,0.08606462485446588,0.08592125551650676,0.8210671973391466
1.1236986913228486,-0.07765282412327426,-0.13366159683649403,-1.1179473896131509
-0.9006188035062301,0.6764720842326083,0.675345194351426,0.8991185225040577
0.3876685018231067,-1.0575641080659037,-1.0558023823127427,-0.3870227106335755
0.2500555983072469,1.0982717822698567,1.0964422443080069,-0.24963904730679332
-0.8072975682746844,-0.7854930593154749,-0.7841845586383156,0.8059527449153636
1.1047052117566356,0.21989794244769537,0.21953162908160073,-1.1028649567722044
-1.0465558141400484,0.41647285369476783,0.4157790792500271,1.044812426372015
0.6515651627120548,-0.9187989707846959,-0.9172684046502722,-0.6504797636159126
-0.046863740599451524,1.1254032609656106,1.123528526476805,0.04678567340893225
-0.5729211017460067,-0.9697886992273855,-0.9681731926935407,0.5719667105637039
1.008307310363827,0.502040912517962,0.5012045959315947,-1.0066276382359645
-1.119162811625876,0.12729222697661788,0.1270801793166032,1.117298472686832
0.869807992909024,-0.7156554795755972,-0.714463316680578,-0.8683590375882866
-0.34049943360031376,1.0736800481022586,1.0718914758757319,0.33993221822627206
-0.2984012321076614,-1.086133239824485,-1.0843239226536094,0.297904145329293
0.8412593898060595,0.7490069085383252,0.7477591877145506,-0.8398579917056004
-1.1133523730013262,-0.17080750424767321,-0.17052296737962713,1.111497713285859
1.0271051662241795,-0.46236748100466957,-0.46159725375088945,-1.0253941799977622
-0.6102770316907661,0.9467262828113047,0.9451491944241275,0.6092604117477757
-0.0029730019421598604,-1.126374658466025,-1.1244983057907698,0.0029680494158512705
0.6152661542618768,0.9434915311728045,0.9419198313433558,-0.6142412232712424
-1.029531623748843,-0.4569391049976719,-0.45617792051463824,1.0278165954481313
1.1124351932811325,-0.1766823441223601,-0.17638802074908866,-1.1105820614343926
-0.8372937735008745,0.7534373542847932,0.7521822530760519,0.8358989814571383
0.2926635403540107,-1.0876933217237565,-1.085881405716299,-0.2921760116149874
0.34616248488133883,1.0718676429652028,1.0700820899040735,-0.3455858358066455
-0.8735737113505894,-0.7110539225770152,-0.7098694251098614,0.8721184829697642
1.1198191746065222,0.12138256117980818,0.12118035803919014,-1.1179537422759416
-1.0056430629018618,0.5073566201522998,0.50651144848191,1.0039678289666687
0.5677937503818621,-0.9727995512963102,-0.971179029184081,-0.5668479005133159
0.052803922235936676,1.125140193829864,1.1232658975670329,-0.05271595969169818
-0.656406285925345,-0.9153466544280898,-0.9138218392779268,0.6553128223238086
-0.6649028631069647,0.030701407216958965,0.06386771188584439,0.6622614540603864
0.5411988483744352,-0.3874818709193058,-0.38683639062579794,-0.540297301185488
-0.24330622737294033,0.6195486046263744,0.6185165397862565,0.24290091970090466
-0.1328961919031631,-0.652209319122763,-0.6511228469692546,0.13267480897045325
0.46632504927018975,0.47495193672212305,0.47416074585996504,-0.46554822936642704
-0.6496639523724171,-0.14482797644374554,-0.14458671714424942,0.6485817203761932
0.6239040025357616,-0.23190987342671904,-0.2315235501832258,-0.6228646823277498
-0.3973362184367836,0.534005920651913,0.5331163556831647,0.39667432244074735
0.04288301418665291,-0.6642284553278396,-0.6631219612942426,-0.04281157822367598
0.3253723858667794,0.580664450684128,0.5796971603715073,-0.324830369636116
-0.5889044248436371,-0.3102095617038996,-0.3096928042141539,0.5879234081057656
0.6628934866000993,-0.0600884281380737,-0.059988330819618074,-0.6617892164021719
-0.5235256779890952,0.4110465402591276,0.4103618051492766,0.52265357135999
0.21565749568208498,-0.629706469975553,-0.6286574838226918,-0.2152982461943992
0.16162154867155842,0.6456910010043098,0.6446153872836714,-0.16135231407632455
-0.48688157563318263,-0.4538554010716298,-0.4530993535259478,0.48607051197848944
0.6554353876198156,0.11594328970924829,0.11575014748947399,-0.6543435413733006
-0.6130327701687692,0.25928597430664363,0.2588540470363704,0.6120115596242282
0.3733213000591497,-0.5510622475683549,-0.5501442695983433,-0.3726994089194302
-0.01345377798611058,0.6654753110603284,0.66436673997269,0.013431366231605457
-0.3507439359258279,-0.5657005260596805,-0.5647581631545026,0.35015965491635326
0.602052279249266,0.28385109974017075,0.28337825106022396,-0.6010493603747
-0.659585917141462,0.08935777348164503,0.08920891830627664,0.658487156803693
0.5048272488570955,-0.4338062270003931,-0.43308357804123176,-0.5039862906982608
-0.18758642609450193,0.638631134942568,0.6375672817836381,0.18727393833582573
-0.1900303901028942,-0.6379081788237884,-0.6368455299893977,0.18971383110704065
0.50648460608375,0.4318700470895488,0.4311506234837234,-0.5056408870436199
-0.6599232356578776,-0.08683154272370064,-0.08668689582819633,0.6588239134035235
0.6009609907493209,-0.28615429643906315,-0.2856776110168102,-0.5999598897796335
-0.3485752791887872,0.567039388853543,0.5660947956257634,0.34799461080035066
-0.016001805734946768,-0.6654189176647757,-0.6643104405190516,0.015975149390403676
0.37542859840079956,0.5496287485892197,0.5487131585897814,-0.3748031968528115
0.11451272900322938,-1.1789322100637147,-1.1826891719331922,-0.05542446516054733
0.5452796399586649,1.051505794218953,1.0497541606081517,-0.5443712948502627
-1.0295699715519773,-0.5856449391123797,-0.5846693521351082,1.0278548793700955
1.1824860606839713,-0.06870980510513323,-0.06859534600783368,-1.1805162357532688
-0.9548108025474038,0.700949821576598,0.6997821558597517,0.9532202466960504
0.41982305946035847,-1.107584272087152,-1.1057392210674832,-0.4191237041305085
0.2502876496614891,1.1577350359457943,1.1558064421020453,-0.2498707121021071
-0.8398415412811985,-0.8352607416656807,-0.8338693363144911,0.8384425050804201
1.1590866027879823,0.24395197942811622,0.24354559604065074,-1.1571557574589106
-1.1052715949854874,0.42587442086572713,0.42516498497516153,1.1034303965009176
0.6957172517105026,-0.9586301824488248,-0.957033264146403,-0.6945583025840113
-0.0622414814097096,1.182844165146621,1.1808737436735393,0.06213779746290671
-0.5912671417536453,-1.0263515421686453,-1.0246418113543803,0.5902821891227245
1.054472330857499,0.5395205505682197,0.5386217991440018,-1.0527157554904278
-1.17828828028918,0.12095887550175416,0.12075737815097742,1.1763254481617766
0.9228639672127126,-0.74250684781347,-0.7412699550088103,-0.9213266294708633
-0.37040947990828366,1.1250738367874158,1.123199651064537,0.3697924393762009
-0.3012638698305985,-1.1455280013007862,-1.1436197423447898,0.30076201437438055
0.8759733517367828,0.7972860265152705,0.7959578807179857,-0.8745141259546535
-1.1687447295134163,-0.19243200945812775,-0.19211144976419625,1.1667977953530757
1.0853475028489517,-0.4743575856766993,-0.47356738490450967,-1.0835394945852246
-0.6526236480761417,0.9884718989436525,0.9868252693093238,0.6515364857196254
0.009848341756450156,-1.184439669714811,-1.1824665903968028,-0.009831936058505297
0.6360967217232375,0.9991873105891769,0.9975228308628054,-0.6350370904748426
-1.0773096396301214,-0.49233957934488676,-0.49151942356464806,1.0755150211084799
1.1717829715032582,-0.17297106325763376,-0.1726829222604731,-1.1698309761375285
-0.8891098196598768,0.7826097684119866,0.7813060708174963,0.8876287107088343
0.3202705002945404,-1.1403600868456274,-1.138460436774671,-0.3197369829558794
0.35165010285943604,1.1310775951226468,1.129193408137642,-0.35106431232667323
-0.910389679306858,-0.7577499276417242,-0.7564876424035327,0.9088731216521084
1.1761140176834168,0.14053518576517882,0.1403010775403024,-1.1741548075155732
-1.063297895064891,0.5219117812236604,0.5210423630779004,1.061526617777011
-1.0284191004127752,-0.13809428721621794,-0.0864861266161987,1.033604887740459
0.9380433946536195,-0.4436107167351695,-0.44287173512820577,-0.9364807705126029
-0.5457519105713823,0.8825365320275773,0.8810663730795567,0.5448427787387494
-0.02219361445457319,-1.0374118380532482,-1.0356836826271953,0.022156643587420977
0.582995970603643,0.8583889424471247,0.8569590093634916,-0.5820247963669217
-0.9561570265450453,-0.4030876069096076,-0.402416130057775,0.9545642281085844
1.0215723059970476,-0.1819502730842998,-0.18164717421828014,-1.019870536594585
-0.7581874471651554,0.7084261946150507,0.7072460745053283,0.7569244330923453
0.2507746952418302,-1.0068902276226264,-1.0052129161187087,-0.2503569463455857
0.33735163318466777,0.981279651191858,0.9796450026449207,-0.3367896615221405
-0.8168989966272255,-0.639837407131694,-0.6387715445240488,0.8155381788866328
1.033521747217384,0.09245905193274831,0.0923050305437223,-1.0318000720351244
-0.9174983489156888,0.4846778909673535,0.483870498284511,0.9159699494007784
0.5061717378822439,-0.905817890099796,-0.9043089482847863,-0.505328540028443
0.06806976075541636,1.0354141132543428,1.0336892857052107,-0.06795636786545045
-0.6204025343640749,-0.8317551163715254,-0.8303695508084485,0.6193690470191326
0.973054445548125,0.360389961367694,0.3597896116855698,-0.9714334988246309
-1.0125220286373349,0.2269692044743361,0.22659111156288936,1.0108353354905097
0.7261023680365153,-0.7412767562707885,-0.7400419125939828,-0.7248928023644313
-0.20598161979152896,1.0169992382315902,1.015305086798901,0.2056384887023649
-0.38043574267626995,-0.9653934555143472,-0.9637852707249264,0.37980200005950204
0.8444072204369562,0.6030690875260567,0.602064474818152,-0.8430005785748074
-1.036600372554198,-0.046642747304111415,-0.04656504825162999,1.0348735688946937
0.8951564988435858,-0.524795884924482,-0.5239216623421245,-0.8936653171317455
-0.4656002919406247,0.9273253185373416,0.9257805489269962,0.46482467936195815
-0.11381260104946066,-1.031388661028389,-1.0296705392126997,0.11362300820232374
0.6565941183221031,0.8034924032250691,0.8021539186372312,-0.6555003418230593
-0.9880462606368037,-0.31698653772235535,-0.31645849091866796,0.9864003400448991
1.001488855099485,-0.27154364541837456,-0.27109129890852457,-0.9998205413829533
-0.6925953093658973,0.7726756212667344,0.771388472307663,0.6914415608755836
0.1607851554221592,-1.0251165846143788,-1.023408911033754,-0.16051731411881653
0.4227748169401649,0.9476166590013005,0.9460380873954551,-0.42207054447374326
0.4890125721527646,0.9544875685761922,0.928467291304419,-0.5358825799804956
-0.9295779140407429,-0.5348501809082757,-0.533959209542475,0.9280293919811944
1.0709521513069657,-0.05693245033314392,-0.05683761034833812,-1.0691681233024486
-0.8676330042889612,0.6303909772184763,0.6293408507905418,0.8661876721372036
0.38506015186490405,-1.000953792008268,-0.99928636961782,-0.3844187057521864
0.22144698346556915,1.0493526803720252,1.0476046334904399,-0.22107808965501352
-0.7566798699165554,-0.760010124112185,-0.7587440737629503,0.7554193672164294
1.048370087478934,0.22605303353276712,0.225676466809549,-1.0466236774335018
-1.0026351147613712,0.38066079511476597,0.38002667759803155,1.0009648915670668
0.6341950702182024,-0.8648563043655769,-0.8634155977335972,-0.6331386068045464
-0.06163493984009916,1.0706918083561028,1.0689082140395463,0.061532266290584836
-0.530762823785868,-0.9319177212483973,-0.9303653014594861,0.5298786612765854
0.9523308881019873,0.49319944632656915,0.49237785815102575,-0.9507444633752415
-1.0673846451470728,0.10425849411060911,0.10408481681514647,1.0656065600138849
0.8388932445305745,-0.6681601144717634,-0.6670470709484816,-0.8374957880342554
-0.3403982296932782,1.0170097637248308,1.0153155947582753,0.33983118290809744
-0.26765631836326154,-1.0385277605967875,-1.0367977462296492,0.26721044749319356
0.7895638223253495,0.72578838841975,0.7245793457854388,-0.7882485404347656
-1.0573447290406972,-0.17944898511780025,-0.17915005298115738,1.0555833687365674
0.9848118947888609,-0.42464731975172965,-0.42393992800738245,-0.983171362112164
-0.5953105157856384,0.8920679369224023,0.8905819002405907,0.5943188275666961
0.014204314722233713,-1.0723702959953831,-1.0705839055979864,-0.014180652698460028
0.5714736436387029,0.9075228310716259,0.9060110491088952,-0.5705216636806981
-0.97321884271187,-0.4505828430827372,-0.44983224707393743,0.971597622130069
1.0617268013218255,-0.1513803608295308,-0.15112818634844483,-1.059958141214747
-0.8085106185812398,0.7046207447494962,0.7034469638858193,0.8071637744821158
0.2950696806932227,-1.031074050602358,-1.0293564528751293,-0.29457814372488456
0.31334148225453406,1.0256690157104706,1.0239604218715885,-0.3128195075065271
-0.8209015139700107,-0.6901452880746911,-0.6889956209119968,0.8195340287017744
1.0642486948414493,0.13249350858900907,0.1322727964596282,-1.0624758336794382
-0.9650600454264566,0.4678022263857232,0.4670229457507985,0.963452416042595
0.555260121091686,-0.9175325673866842,-0.9160041108694513,-0.5543351501630878
0.519560176472788,-1.2003734084055298,-1.2243301538290035,-0.45872600417860454
0.21708032340258293,1.2898508556321437,1.287702178825934,-0.21671870372078517
-0.883852014252419,-0.9641808510261365,-0.9625746862338513,0.8823796639299991
1.2661497987495764,0.3281825463213274,0.32763584883113817,-1.2640406039586372
-1.2409284811008803,0.4134435891100567,0.41275486091583824,1.2388613008265699
0.816305717474094,-1.0220000353241911,-1.0202975533959118,-0.8149458880377713
-0.12894929200879707,1.3016186756012582,1.2994503955659034,0.12873448395427034
-0.5999103582357912,-1.1623023094982423,-1.1603661073370986,0.5989110074450332
1.1356846951962216,0.6488908765583074,0.6478099323777109,-1.1337928335495255
-1.3059310292582458,0.07337058950316527,0.0732483663149397,1.3037555655596136
1.0558543959799818,-0.7720172220056306,-0.7707311698301667,-1.0540955183225553
-0.46594369577578904,1.2221847523800737,1.2201487960376245,0.46516751114347055
-0.2739342174237324,-1.2789836359813171,-1.2768530621539964,0.273477888618876
0.9256445011359873,0.9241327578331224,0.922593306497313,-0.9241025314874912
-1.279429676475015,-0.27184333638804065,-0.27139049064289655,1.277298359618395
1.2214215288353762,-0.46794074996840695,-0.4671612385762258,-1.2193868438962108
-0.7702903832185798,1.057114857574387,1.0553538801978624,0.769007207669104
0.07123593052482431,-1.3060492099403473,-1.3038735493724662,-0.07111726332308055
0.6507463009172832,1.1346225576930928,1.1327324653907305,-0.6496622659086448
-1.1632813180278445,-0.5980097588760102,-0.5970135741674143,1.1613434850015596
1.3014061676101059,-0.1310766321276238,-0.13085828027863067,-1.299238241577824
-1.0206644079844303,0.8179750991670441,0.8166124888188248,1.0189641509890535
0.4114147233527103,-1.2416026022814852,-1.2395342990336469,-0.41072937491112405
0.3302516459681818,1.2656116888362126,1.2635033904469166,-0.3297015017024685
-0.9656242304777852,-0.8822748676561789,-0.8808051445975057,0.9640156612557099
1.2902039531923544,0.21497175570377727,0.21461364854475362,-1.288054688184483
-1.1995225771733995,0.5215215081229431,0.5206527401072047,1.197524372242208
0.7227665327888683,-1.090159454237728,-1.0883434300638977,-0.721562524062872
-0.013383062491483695,1.3079220122858595,1.3057432319408475,0.013360768537189482
-0.7003078393719584,-1.1047207912851655,-1.1028805103477735,0.6991412430905986
1.1885998017035952,0.5459575148065252,0.545048040471402,-1.1866197922980717
-1.2943326667788493,0.18852597776618346,0.18821192487084581,1.2921765240212517
-0.1187083299077256,-0.8940751029106332,-0.8866552506609247,0.16317709602300723
0.5860005105937576,0.6856131262001889,0.6844710088647815,-0.5850243312936104
-0.8646843590192466,-0.25648180540072535,-0.25605454940901107,0.8632439388196372
0.8650635439877852,-0.2551999649244375,-0.2547748442655734,-0.8636224921291397
-0.5870160221850053,0.6847438549795348,0.6836031857052594,0.5860381512115781
0.12003331866651294,-0.8938981819223284,-0.8924090963569214,-0.11983336313934945
0.385582941717741,0.815345173708923,0.8139869443786149,-0.3849406247241638
-0.7670966556523194,-0.4743676613357698,-0.4735774437791268,0.7658188003212215
0.9017149858975024,-0.019288375826070125,-0.019256244602845474,-0.9002128788378903
-0.7461100883640188,0.5067363153313337,0.5058921769854868,0.7448671931604269
0.3503644795084262,-0.8310876540611889,-0.8297032003792095,-0.34978083061011855
0.15814836925359774,0.8879476620480334,0.8864684890581326,-0.15788492039709945
-0.6157600675295535,-0.6590155510078199,-0.6579177408049897,0.6147343137615346
0.8751851135588864,0.21797471009055125,0.2176116005094031,-0.8737272008502096
-0.8529257553880535,0.2932228044164694,0.2927343440365915,0.8515049230646136
0.5561463219653983,-0.7100445238141764,-0.7088617078373532,-0.5552198747736947
-0.08036733413544993,0.8983334842017756,0.8968370101612041,0.08023345553538619
-0.42127843808373794,-0.7974875766053456,-0.7961590950591693,0.42057665833543534
0.7873328205551731,0.43996475644166816,0.4392318483976393,-0.786021255142143
-0.8999786691868726,0.059163774750826674,0.05906521775100204,0.8984794545419851
0.7229601356264667,-0.5392500343338901,-0.5383517335447718,-0.7217558043904978
-0.3132518637359652,0.8457749269753065,0.8443660067417403,0.312730038277495
-0.197278695044497,-0.8800812881295006,-0.8786152192091682,0.19695006157922745
0.6443137363463517,0.6311273773094815,0.6300760241616182,-0.6432404169194628
-0.8839719288776943,-0.179040738912655,-0.1787424868462334,0.8824993787975494
0.8391176197017842,-0.3306714041766428,-0.3301205606636243,-0.8377197894338954
-0.524187479598665,0.7339546603613468,0.7327320140773286,0.523314270518192
0.04054396035737353,-0.9010095141077482,-0.8995085822467003,-0.04047642086867309
0.45614891397491203,0.7780682010682927,0.7767720689689322,-0.45538904581855166
-0.8060270938283588,-0.4047002362845258,-0.4040260730605827,0.8046843868679517
0.8964798582163083,-0.0989233089145754,-0.0987585191495366,-0.8949864720079279
-0.6983943570112395,0.5707077004290358,0.5697569964048388,0.6972309482729113
0.7914710781805175,-0.9995947831861601,-1.0374702116163237,-0.7402145158616424
-0.12030018340056185,1.2693084983734286,1.2671940417147498,0.12009978332118032
-0.5895901605123455,-1.1304864620136963,-1.1286032597581146,0.5886080014529915
1.1097168184196091,0.6278095101906929,0.6267636840570823,-1.1078682149327712
-1.2726734148340493,0.07693229064480951,0.0768041342553838,1.2705533527846646
1.026011237979903,-0.7569128996840816,-0.7556520087951846,-1.0243020740557318
-0.4491202217687928,1.193275837586418,1.1912880386835536,0.44837206224358384
-0.27232325554250114,-1.2455746636231613,-1.2434997435822546,0.271869610331964
0.9061176026310492,0.8969766375839325,0.8954824238238834,-0.9046081615449247
-1.2482717091829465,-0.2596804540636492,-0.2592478696557332,1.2461922963131136
1.188660900822974,-0.4611956862590253,-0.4604274110201856,-1.1866807896365539
-0.746471330030906,1.0336327934092975,1.0319109332425718,0.7452278330588774
0.06402477977855697,-1.273388010679983,-1.2712667582329222,-0.06391812515353257
0.6390285902957521,1.1032944570484533,1.1014565521464803,-0.6379640750422744
-1.1364061725446102,-0.5780979235144569,-0.5771349086088173,1.1345131090366694
1.2680235394020978,-0.1331634397700583,-0.1329416116468829,-1.2659112232710816
-0.9915187276774967,0.8015652255643427,0.8002299513338196,0.9898670225336775
0.3958867304784937,-1.2119776791675108,-1.2099587261099676,-0.395227249088117
0.32716415911016233,1.2323067033668842,1.2302538855391538,-0.3266191580835853
-0.9449149929656452,-0.8560092606029168,-0.8545832916732027,0.9433409218858319
1.258538376879736,0.2041992950285015,0.20385913299568958,-1.256441861450685
-1.1670924476141082,0.51333363117112,0.512478502795416,1.1651482658803491
0.7000097123065625,-1.06564656469474,-1.0638713749144113,-0.6988436126553177
-0.007623991732761823,1.2749737538158488,1.2728498597847893,0.007611291431670608
-0.6872155635048132,-1.0739417895984769,-1.0721527813543312,0.6860707767756807
1.1608700190830008,0.5272542052591431,0.5263758875243107,-1.158936202879352
-1.2608904004371495,0.1891338051609549,0.18881873972636076,1.2587899669282026
0.9550844535022233,-0.8446477874520106,-0.8432407448451601,-0.9534934417938784
-0.34187794515736714,1.2283060159358472,1.22625986258723,0.3413084334125138
-0.38136435310080796,-1.2166254264781826,-1.214598731047134,0.3807290635736238
0.9818618869404612,0.8133654978808322,0.8120105663608462,-0.9802262684856466
-1.2663403565332394,-0.14831823753161746,-0.14807116403812826,1.2642308443046906
-0.281258038739409,0.6684132726834282,0.6813509941984314,0.24739668730440756
-0.12763531850831852,-0.7138568574470585,-0.7126676907570861,0.12742269931491745
0.4954483624692781,0.5295406571562005,0.5286585305730986,-0.49462302797384144
-0.7037979116427248,-0.1747881203693468,-0.17449695245749242,0.7026255014819668
0.685625217296472,-0.2362211863107868,-0.23582768113772523,-0.6844830798192922
-0.44677928725792665,0.5712010643654377,0.5702495384790542,0.4460350273399233
0.06413434214192028,-0.722335914663623,-0.721132623275771,-0.06402750500424215
0.3391526862032599,0.6409819364818505,0.6399141672788397,-0.3385877142862198
-0.6332810681478312,-0.35332347244480056,-0.35273489435685923,0.6322261273095198
0.7235835421686798,-0.048054603916129285,-0.047974552945578286,-0.7223781724411455
-0.5809956301362286,0.43396597241894025,0.4332430573504703,0.5800277881337709
0.2514102413616049,-0.6802023801732904,-0.6790692762400542,-0.2509914337513264
0.1590932788467051,0.7075109300079501,0.7063323345766944,-0.15882825592813787
-0.5183915228569802,-0.5071021755868642,-0.5062574277787354,0.5175279688756168
0.7108418566410593,0.14347906572737926,0.14324005348858304,-0.7096577124404774
-0.6745028043097357,0.2663237774461983,0.2658801263674193,0.6733791949210405
0.42107034211599104,-0.5904084640697761,-0.5894249418529742,-0.4203689090209095
-0.03211346730628343,0.7244660880072152,0.7232592481052819,0.032059971615617244
-0.3671793498827313,-0.6253492723867237,-0.6243075445997939,0.3665676902095816
0.6482929444090856,0.3249594523695351,0.32441812401734715,-0.647212996283972
-0.7207489544268827,0.08002082321161878,0.07988752184109382,0.7195483066507075
0.5612269101333521,-0.45924584134979396,-0.45848081422801834,-0.5602919995275901
-0.22107008886200633,0.6906593974351283,0.6895088738519461,0.22070182289512907
-0.19023967514433038,-0.6997794320040347,-0.698613715961452,0.1899227675144377
0.5403194790907281,0.4836705986206254,0.48286488391917043,-0.5394193967846708
-0.7164937078765686,-0.1118890255038277,-0.11170263701331118,0.7153001486327849
0.6620594629925625,-0.2959048071879024,-0.295411879037894,-0.660956582139072
-0.3945367840288369,0.6084596235602596,0.6074460311166127,0.39387955142446585
2.970231140210483e-05,-0.7251774862560768,-0.723969461282983,-2.965283227573945e-05
0.39448693930114637,0.6084919409291494,0.6074782946501234,-0.39382978972982874
-0.6620352210316073,-0.2959590403561628,-0.295466021862687,0.660932380561205
0.7165028711257694,-0.11183033185785947,-0.11164404114120174,-0.7153092966174318
-0.051285791281675014,-0.9470080677314597,-0.9428683565691365,0.09851131555848269
0.5582248283390749,0.7667069542932755,0.7654297481398156,-0.5572949187017934
-0.8854953292841409,-0.3396358852533571,-0.33907010840712404,0.8840202414724366
0.9277630115259268,-0.19674935115573775,-0.19642159948924043,-0.9262175127918351
-0.6714237281191265,0.6698094430914465,0.6686936520612713,0.6703052479588179
0.19898205689632883,-0.9272867160534366,-0.9257420107482985,-0.1986505859137333
0.3375033706415659,0.8863103223710318,0.8848338769164978,-0.33694114620967885
-0.7653609954416836,-0.5600687988027683,-0.5591358174176558,0.7640860314316222
0.9468818708398862,0.05356524442787225,0.053476013647563714,-0.9453045232688785
-0.8236422429991069,0.470178655707871,0.4693954163373071,0.8222701921325872
0.43530764165055313,-0.8425922915957006,-0.8411886731028081,-0.43458249158447815
0.09313374600231882,0.9438117492866023,0.9422395160270234,-0.09297860068530117
-0.5915993909841203,-0.7412588436727608,-0.7400240298352939,0.5906138848812886
0.8996546651851647,0.3001266335173035,0.29962667250741204,-0.8981559902768815
-0.9181498401312502,0.23760341706890545,0.23720760932948726,0.9166203553403657
0.6411321153752924,-0.6988591584648967,-0.6976949754447376,-0.6400640959992021
-0.15776156864468385,0.9351822283355418,0.9336243704213948,0.15749876413361952
-0.3763856341109031,-0.8705104061243576,-0.869060280700194,0.37575863830078826
0.7893905077163751,0.525658766751915,0.5247831067520509,-0.7880755145390755
-0.9483245665851289,-0.011620204257585497,-0.01160084693167529,0.9467448157232397
0.8020337805743213,-0.506158401642729,-0.5053152260049659,-0.8006977258091302
-0.39760285468979834,0.8610264123001011,0.8595920856308747,0.3969405145221705
-0.13479931007485788,-0.9387670950449867,-0.9372032653396645,0.13457475686410758
0.6238153811357221,0.7143590714720114,0.7131690681771174,-0.6227762085562871
-0.9120521413470627,-0.26002962177432426,-0.25959645571114187,0.9105328143074121
0.9067385885393432,-0.27799216677730376,-0.2775290781043671,-0.905228112994124
-0.6095849265695786,0.7265402466725585,0.7253299515674844,0.608569459558414
0.11623212433805129,-0.9412463046449235,-0.93967834498899,-0.11603850096783275
0.4145307939773125,0.8530057054793945,0.8515847399723999,-0.41384025468077623
-0.8118740986416902,-0.49021929857014357,-0.4894026748246394,0.8105216515446073
0.9479100887523868,-0.030347592611321843,-0.03029703857396815,-0.9463310283414345
-0.7788546365512317,0.5411469004424857,0.5402454397901341,0.7775571943812709
1.0689621467794495,0.6633683473458629,0.6088597040154031,-1.100322220022495
-1.2578220882750213,0.024924481041230434,0.024882961004951687,1.2557267660634546
1.0418432590506674,-0.7051951921832664,-0.7040204543857209,-1.0401077216149417
-0.4905399445842591,1.1584939353639199,1.1565640773200754,0.48972278669590863
-0.21864705629988504,-1.23892336335994,-1.2368595232779982,0.2182828267018888
0.8574609842994785,0.920596706442012,0.9190631455792087,-0.8560325970396765
-1.220295142139244,-0.3059696089141415,-0.3054599144799086,1.2182623335728062
1.1903688373791996,-0.40713593123698005,-0.40645771055077273,-1.1883858810547947
-0.777314058950204,0.989201945644098,0.9875540998734222,0.776019183126132
0.11407535465274314,-1.2528864469570102,-1.250799346702252,-0.11388532410181229
0.5858792944333725,1.1133207479706664,1.1114661409371502,-0.5849033170591822
-1.097264625521629,-0.6154250377475633,-0.6143998420834251,1.0954367653152863
1.2554877198424959,-0.0805494930611035,-0.08041531101460997,-1.2533962863001387
-1.0096233761282747,0.7505986103657898,0.749348238031739,1.0079415116538564
0.4388047401560676,-1.1790623543834637,-1.1770982327774782,-0.438073764506014
0.2732462475507807,1.22803669477224,1.2259909900678378,-0.2727910647891796
-0.8973510336497403,-0.8817589001056088,-0.8802900365629834,0.8958561962082529
1.232637160294865,0.2516808824045279,0.2512616239513299,-1.2305837919809115
-1.1711904601203968,0.4594023744286526,0.4586370865488332,1.1692394517799922
0.7327879801310854,-1.0226237879509328,-1.0209202669547284,-0.73156727734219
-0.05853260183447302,1.2567066364232335,1.254613172368854,0.058435096263625974
-0.6345619006869364,-1.0863097300974032,-1.0845001189232584,0.6335048261948906
1.1234182504405685,0.5662764961436794,0.565333173768211,-1.1215468226489433
-1.2506946376921853,0.13601675909873753,0.135790177820585,1.2486111886268811
0.9754262736716346,-0.7945320762176816,-0.7932085180431736,-0.9738013758773045
-0.386210192209824,1.1973217290857798,1.1953271904013207,0.3855668303213644
-0.32731032062681936,-1.2147450718232526,-1.2127215087500416,0.3267650761194585
0.9354837346315225,0.8411942806198635,0.839792990980443,-0.9339253744579673
-1.2425652146600243,-0.19689927075689806,-0.19657126934925384,1.2404953078600316
1.1497184546524715,-0.5107691362438058,-0.5099182798896873,-1.1478032150985957
-0.686826828845306,1.054042951063196,1.0522870909714033,0.685682689683263
0.0028752203274522523,-1.2580657250778986,-1.255969997007887,-0.0028704306889837383
