q,q_dot,q_ddot
-1.180609867151818,0.7618163375660791,0.5517540916324559
0.6076210321096288,-1.2309356202347606,-0.6055983272791399
0.16093485012934133,1.362851046238234,-0.16039911538411444
-0.8776927336690611,-1.0561234023063437,0.874770989294818
1.3119591180686399,0.4094751098950089,-1.3075917477746395
-1.3239623528982343,0.36896558914963573,1.3195550251312254
0.9098391137033186,-1.0286521520237673,-0.906810357500123
-0.20287783979897162,1.3572598790231465,0.20220248136850194
-0.56938107519161,-1.2490240920683306,0.5674856670496442
1.158380738575409,0.7387812305470587,-1.154524614129594
-1.3745475199467476,0.009243498532125471,1.3699717996185916
1.148306640124517,-0.7542931434417899,-1.1444840512655856
-0.5524752968090967,1.256568303947048,0.5506361661794656
-0.22117405598336576,-1.3544082329218243,0.22043779142312814
0.9236370035011039,1.0163224700359474,-0.9205623156112341
-1.328820969695162,-0.3511262650138136,1.3243974681170116
1.3063146823208438,-0.4270823658679368,-1.3019661017446176
-0.8633619462047794,1.0678315725546428,0.8604879074761257
0.1425301743760884,-1.3648917748911367,-0.14205570681095514
0.6241759234982236,1.2226520846089153,-0.6220981092203082
-1.189986667460811,-0.686893333431492,1.186025330289071
1.3727919417956456,-0.06994680541934639,-1.3682220655977966
-1.1137545999517984,0.8042740793859415,1.1100470311055
0.49624760859933054,-1.27974015775449,-0.49459565387514504
0.2809801204558521,1.343312982589259,-0.28004476796233635
-0.9677724472212857,-0.9745311989043476,0.9645508372031814
1.3430804937201888,0.29208978380548034,-1.338609523725754
-1.286108759855853,0.4843627558536756,1.281827442614048
0.8151939936615524,-1.1049197801691373,-0.8124803008469128
-0.08190338165522429,1.369850703052994,0.08163073413816613
-0.6777484022975898,-1.1938856678651222,0.6754922510210137
1.2192621581451468,0.6336602427031046,-1.2152033660246202
0.9610107758501201,0.6186039398607757,-0.5110095306374074
-1.1696142411690937,-0.03739797059116867,1.1657207216059622
1.0017692436845718,-0.6038553051460288,-0.9984344620013019
-0.5114978609912596,1.050753559050759,0.509795139822215
-0.1434026590020319,-1.159459485804474,0.14292528702859686
0.7521480377161877,0.8949853282615555,-0.749644218083767
-1.1188093491947178,-0.34245392996636204,1.1150849536330392
1.1253741050314972,-0.32029864295135324,-1.1216278561064168
-0.7697293929889274,0.8799608741709719,0.7671670469229369
0.1663419324691206,-1.1564015894848234,-0.16578819813092727
0.49058383373613335,1.0606464256599704,-0.48895073310583625
-0.9896117874954516,-0.6235148468911472,0.9863174766712585
1.1701263177156465,-0.01429931369432036,-1.1662310935049218
-0.974027569741081,0.6475111409035683,0.9707851370963971
0.4644312868948931,-1.072317012489681,-0.4628852452713328
0.19464542964939602,1.1519902097452508,-0.19399747602291795
-0.7910741634622167,-0.8608873610545331,0.7884407629583812
1.1328901862488392,0.292701939059824,-1.1291189171004474
-1.1100776382408244,0.36969163391339266,1.1063823096028773
0.7299788963757718,-0.9130973881687904,-0.7275488754227899
-0.11493137931029594,1.1626164094596096,0.11454878515484324
-0.5371076000222603,-1.0379392686605093,0.5353196267953503
1.0162747697688193,0.5791941690273278,-1.0128917007544673
-1.1683468500412253,0.06596859458465887,1.1644575494864478
0.9443783861426759,-0.6898989080856777,-0.941234652429952
-0.41645518293374983,1.0917804688465889,0.41506884858184767
-0.24550701187063806,-1.1422649067359774,0.2446897455276087
0.8284510706322928,0.8251034549642045,-0.8256932464393557
-1.144752401330286,-0.24237672847017944,1.1409416441483191
1.0926072249639949,-0.4183606306241605,-1.088970053445718
-0.6887988285307513,0.9444457165565873,0.6865058915779965
0.06329574759873849,-1.1665543924175208,-0.06308504288863093
1.1570905609880966,-0.3882408792183911,-0.5586674474564446
-0.7908184213153898,0.905691301462962,0.7881858721501683
0.17001588300176393,-1.189445023171658,-0.16944991847851698
0.5055074474802433,1.090367607227084,-0.5038246677509184
-1.0183296968353284,-0.6403478077312541,1.0149397871908328
1.2033954641749152,-0.015772378879428395,-1.1993894905666773
-1.0011400475824983,0.6668161158583258,0.997807360425183
0.47666075691451537,-1.103240457012748,-0.4750740047045321
0.20123510727249025,1.1845791985510203,-0.2005652173208572
-0.8143620552405001,-0.8846529018679794,0.8116511318588121
1.1653809225524874,0.29999492759355095,-1.1615014952499454
-1.1413138500447848,0.38121849664577767,1.1375145394291135
0.7499069920739336,-0.9397341013791505,-0.7474106326410074
-0.11713736296442945,1.195789762093113,0.11674742532752358
-0.5533337395648525,-1.0669721868878037,0.551491751270804
1.0457105368569741,0.5947422065748792,-1.0422294793512115
-1.2015181386990261,0.0689096815336554,1.1975184145047562
0.9706087868455956,-0.7103825102801808,-0.967377734960202
-0.4273022591281227,1.1232137967262645,0.42587981603040004
-0.2535344669566827,-1.1745309255175678,0.25269047808135436
0.8527693648539768,0.8478171225169484,-0.8499305876839669
-1.1775345228784801,-0.24822749321742,1.1736146375522951
1.1233020204499378,-0.4312558779314368,-1.119562669271074
-0.7075269649487154,0.9719365510556993,0.7051716840520827
0.0640294442347425,-1.1997926981877594,-0.06381629712692738
0.6000763975887937,1.0414872366306334,-0.598078808031503
-1.0710434852097948,-0.5479718781186671,1.0674780970536146
1.1972877920958873,-0.12191203330261025,-1.1933021502686163
-0.9381767117071369,0.7525577105107478,0.9350536226986017
0.3771069439761636,-1.1409874644504447,-0.37585159566376536
0.3053373114922815,1.1621824823962505,-0.30432087653976314
-0.889506633652007,-0.8093210006897333,0.8865455620791063
-1.1815618951204485,-0.13671130131585052,0.5971186648404897
1.098079421866199,-0.4774838131946091,-1.0944240339952427
-0.661172463984868,0.9970263272267887,0.6589714922179268
0.011462558811863163,-1.195668996636694,-0.011424401191032496
0.6419366504860738,1.0094772993277472,-0.6397997126657207
-1.0887240925989956,-0.49837832559310735,1.085099847609247
1.1850981277527513,-0.1731271718998051,-1.1811530640025107
-0.9000401037192881,0.7889104872944419,0.8970439673624914
0.3252979243629927,-1.1507774858573776,-0.32421504268515755
0.3541436501179832,1.1422587620757692,-0.3529647441318562
-0.9196016323974174,-0.7660961263344046,0.9165403778227593
1.1890794455558222,0.14336013421014315,-1.1851211284282241
-1.0758437847543907,0.525517312293784,1.0722624169194173
0.6163403334867067,-1.0252533637750516,-0.6142886030437494
0.0415365326540276,1.1950045029732796,-0.04139826201935648
-0.6860445774198045,-0.98013514735102,0.683760809071125
1.1097444125264604,0.44980249060555644,-1.1060501931603717
-1.1762653047854488,0.22530222020154755,1.1723496445496364
0.8641970432453513,-0.8278918474232194,-0.8613202245686274
-0.2739809642130032,1.1640187364531136,0.2730689111568918
-0.4044177900852605,-1.1254981147154879,0.4030715269133156
0.9526518712381218,0.7247281117208643,-0.9494805959855562
-1.1942683344693685,-0.09069933501714256,1.1902927440907212
1.0515012438234808,-0.5725216522827592,-1.0480009096800802
-0.5703011784921507,1.0514725714376887,0.5684027074268189
-0.09445428008045734,-1.1919997443135815,0.09413985197644137
0.7288089729220003,0.9488735248020419,-0.726382846517179
-1.1285914385481461,-0.40034577439821195,1.1248344794669134
1.1651289151683717,-0.2770360426348317,-1.1612503267712355
-0.8266615622948816,0.8652518862040093,0.8239096951820402
0.2221274470386192,-1.1749804037521312,-0.22138800874337727
0.4538999290217958,1.1065333218183284,-0.45238894514963324
0.8406068307558406,0.8677257572243402,-0.46330342393278934
-1.201062543305546,-0.30677499883200676,1.1970643357390571
1.174947938699835,-0.3949087504457238,-1.1710366638333807
-0.7706681837146434,0.9694883769963547,0.7681027125154033
0.11834352394020292,-1.2320314393705822,-0.117949571122975
0.5720708205370397,1.0980366304095515,-0.5701664585234034
-1.0783602001962682,-0.6106311095488393,1.0747704554855158
1.2375718636107123,-0.07331027282800218,-1.2334521204577127
-0.9984624316874022,0.7336562349864456,0.995138658024487
0.43799093495197083,-1.1578698449850995,-0.4365329104057336
0.26345098466385186,1.2094150076198784,-0.26257398477182337
-0.8800993760291612,-0.8717015544781415,0.8771696202021118
1.2134816737041882,0.25342490480871116,-1.2094421241929778
-1.1562964708932906,0.4464183097103025,1.1524472847502636
0.72694922209209,-1.0025786922813995,-0.7245292865978498
-0.06362831979020442,1.2360521629937449,0.06341650798239673
-0.6201717989342252,-1.0716936645615798,0.6181073139548865
1.1043653190338736,0.5624031206565427,-1.1006890060893364
-1.233111194867288,0.12790077174827164,1.2290063007991519
0.9649716725632996,-0.7770389128983046,-0.9617593860229434
-0.3862493187590112,1.1760816858466987,0.3849635364686421
-0.3167900595715763,-1.1965944040260972,0.3157354996560968
0.9178683581208972,0.8319749066943088,-0.9148128734289618
-1.2235243539072118,-0.19957851020036665,1.219451373397618
1.1353805428695085,-0.4970536152450622,-1.131600983593295
-0.6818066224711304,1.0337055841536746,0.6795369618184505
0.008788507633097346,-1.2376522349761445,-0.008759251639799404
0.6670582493951243,1.0432519223791081,-0.6648376844836873
-1.1282076782391544,-0.5130737364690274,1.1244519966545574
1.2262356339967186,-0.18224079320303566,-1.2221536279283245
-0.9295911386121654,0.8188998584949803,0.9264966300497596
0.33375128218574146,-1.1919903196527133,-0.3326402601934808
0.0559925189698959,-0.8277482596310893,0.013379997921124653
0.402557870541713,0.7226032376222907,-0.4012177988418836
-0.7315422149242881,-0.3876806410879813,0.7291069898519192
0.8250746191792814,-0.07201966100022772,-0.8223280348288872
-0.6530510297095746,0.5085399352460312,0.6508770933207259
0.27083843294744775,-0.7813831011264261,-0.2699368410380354
0.1985453935778042,0.8027326916672708,-0.19788445739302052
-0.6040260069082762,-0.5657171929474181,0.602015269528608
0.8150966568591381,0.14662168855515856,-0.8123832880682056
-0.7638227895235268,0.31966502412392184,0.7612801059027319
0.46670725503875565,-0.6830653297229977,-0.46515363696236045
-0.019378750709358475,0.8266163172156532,0.01931424094023637
-0.43418693906017014,-0.7041151047683702,0.4327415776050142
0.7480065484338413,0.35498955799197374,-0.7455165153721416
-0.8210750576469953,0.10839184230732657,0.8183417874053223
0.6298748597789601,-0.5368865757204166,-0.6277780743585287
-0.23594506579610094,0.7925806377534905,0.23515963014004382
-0.2339252855078029,-0.7931771195519203,0.23314657348120826
0.6285051597974567,0.5384840393082813,-0.6264129339596747
-0.8207962854195813,-0.11047613293940772,0.8180639431804088
0.748908428737104,-0.3530892837244376,-0.7464153934137163
-0.43597919545778924,0.7030104633297529,0.43452786777530006
-0.017272968380526405,-0.8266628451212449,0.017215468532619793
0.4649657074392643,0.6842480516433943,-0.46341788678617046
-0.7630060058378294,-0.32160327279876944,0.7604660412014774
0.815467524586464,-0.14455175191688707,-0.8127529212171029
-0.6054651596960785,0.5641817918218611,0.6034496315320326
0.20058963011095007,-0.802226005565246,-0.19992188888351858
0.26884706438792877,0.7820682104871897,-0.2679521015293418
-0.6517534649183397,-0.5101963328658959,0.6495838479824656
0.824888488391886,0.07411422380678379,-0.8221425236506876
-0.7325274256267467,0.38582206267415375,0.7300889208949757
1.1169307595020401,-0.5968652555446541,-0.5281817453562776
-0.6423427290531725,1.0606141345868603,0.6402044394413331
-0.03898776778646929,-1.2387970064947291,0.038857981715659795
0.7077697809169115,1.0182644623228765,-0.705413691711349
-1.1487511768296463,-0.4699964323161987,1.1449271081557026
1.2199990320247431,-0.22954321207479866,-1.215937786931315
-0.8985817297159401,0.8552027802056417,0.8955904481289023
0.28794965988109156,-1.205609396840408,-0.28699110654404225
0.41536100688899635,1.1679822599459655,-0.4139783149298437
-0.9849848502192616,-0.7544319247336556,0.9817059419697916
1.2375844818922364,0.09806243739475362,-1.2334646967342215
-1.0918589569459543,0.5898691261540956,1.0882242763314176
0.5947110471886883,-1.087947216668969,-0.59273131830482
0.09384874149943001,1.2358619431356221,-0.09353632916795918
-0.7522026612523277,-0.9860059240395086,0.7496986597835403
1.1684549328053049,0.4187970535889174,-1.164565272454338
-1.2086318729994137,0.28320455578443204,1.2046084679516462
0.8598022547310044,-0.8940548129158826,-0.8569400658309245
-0.23423931216163707,1.2171473221185498,0.2334595547756102
-0.4667151790804418,-1.14849251644676,0.46516153462476395
1.0174541500700702,0.7101874216971404,-1.0140671550259033
-1.2407184398485107,-0.04330357526180717,1.23658822208283
1.0646488868840103,-0.6375178274783366,-1.0611047856560307
-0.5459146990461086,1.1131496918933004,0.5440974079386662
-0.14852592433615094,-1.2305066006574499,0.14803149756476008
0.7951624479265639,0.9518164180113281,-0.7925154379649574
-1.1858704177556725,-0.3667775138641882,1.181922783135209
1.1948977614990304,-0.3363112792334355,-1.190920075825636
-0.8193389659063709,0.9311559524883023,0.8166114749265313
0.18007023641092532,-1.2263016184925641,-0.1794708020302993
0.5171553486934239,1.126753595786666,-0.5154337943582377
-1.0479308948074397,-0.6645521065256538,1.044442445969355
-0.1819106060154662,-1.3767885414841834,0.15966161218637698
0.9078401248854119,1.0640511557875854,-0.9048180230999953
-1.341574997473653,-0.3997535659020446,1.337109039113849
1.3435146441165,-0.3932074841971911,-1.3390422288824537
-0.9130347760772257,1.0596119759213074,0.9099953818589213
0.18868832720968684,-1.3849729975308436,-0.18806020413527413
0.5963887696158058,1.2645708456142974,-0.594403455774487
-1.1895140009008036,-0.7371577885793612,1.1855542371855055
1.399785893571566,-0.027514619946539254,-1.3951261574217948
-1.1595269792966807,0.7833312570403606,1.155667039139761
0.5460662574761659,-1.287027291289931,-0.544248461846708
0.24314968002151607,1.3764846574911749,-0.242340260981303
-0.9541062050963732,-1.0229108813328613,0.9509300885234523
1.3579770248015743,0.3401061371266234,-1.3534564658630293
-1.324773512205524,0.4521641282785538,1.32036348417704
0.8651824483309682,-1.0989022301430373,-0.8623023493472604
-0.12712640749682486,1.39195102082493,0.12670321740900103
-0.6518461500822543,-1.2369907127430007,0.6496762246067
1.2210174992410563,0.6838963567643497,-1.21695286377972
-1.3971958901523445,0.08931478914284474,1.3925447758445457
1.123677084697869,-0.833779350154803,-1.1199364849708915
-0.4884950091388783,1.3098862393506805,0.4868688619815231
-0.30391257616912065,-1.364397149381555,0.3029008840058023
0.9985037891224541,0.9797673654475869,-0.9951798777842352
-1.3717196260860975,-0.2797926535490747,1.3671533195112557
1.303437979126029,-0.5102352661720266,-1.2990989747842963
-0.8156357703170666,1.1360404235003363,0.8129206068756167
0.06531552681276807,-1.396203084306164,-0.06509809847402459
0.7060269724066199,1.2069880901997292,-0.7036766848224707
-1.25012978942565,-0.6292956005357431,1.2459682422929168
1.3918696555081873,-0.15094004663450789,-1.3872362716603586
-1.0856266108190897,0.8825945919927181,1.0820126770133665
-0.21238873469227332,0.8860369439362792,0.06184096023855501
-0.29883575482571206,-0.8498968076549152,0.29784096285359996
0.7138778821809247,0.5508220741294212,-0.71150145976559
-0.899153457525104,-0.07446143232277436,0.8961602727177778
0.7950302507790116,-0.4258651383768336,-0.7923836808881568
-0.4350210388412572,0.7891240579991765,0.43357290075835664
-0.06500271429708412,-0.8983979215759677,0.06478632727713207
0.544104892600011,0.7185161775525047,-0.542293626142108
-0.8480831341266564,-0.3073750139543291,0.8452599569133307
0.8790999316711964,-0.20269693163539548,-0.8761735028869152
-0.6271723136300547,0.6475294626871614,0.6250845246938486
0.1733849327127765,-0.8839501411225461,-0.17280775298688544
0.3362075924098003,0.8358653303909191,-0.33508839362390574
-0.7375893700135916,-0.5187514606236182,0.7351340146143304
0.9015728886458709,0.03467383216134601,-0.8985716498134736
-0.7753789144863386,0.46056380988249657,0.7727977617731474
0.39962385413751306,-0.8075657925522308,-0.39829354946223083
0.10475291779316198,0.8946471188907027,-0.10440420663601901
-0.5754142359533697,-0.693780059510698,0.5734987440704248
0.8608744878343432,0.2696150718620849,-0.8580087295851776
-0.8692563097467706,0.24132739829194283,0.8663626493175316
0.5978619541228112,-0.674596970047811,-0.5958717362099974
-0.13404157829815552,0.8907428240447743,0.13359536835279517
-0.37292100999790245,-0.8201969167224412,0.37167959620737323
0.7598563824655056,0.4856649380714073,-0.7573269025852813
-0.9022267034297644,0.005181672309650387,0.8992232881185506
0.7542090967753332,-0.49436052548741005,-0.7516984160998469
-0.36344405671953356,0.8244260117618563,0.36223419068406315
-0.14429797596451738,-0.8891442631114346,0.1438176235777372
0.6055967033899031,0.6676852610750778,-0.6035807373310953
-0.8719799278695323,-0.23132712279271717,0.8690772008092514
0.8577103594130233,-0.2794852557979943,-0.8548551342065447
-1.009738864490105,0.056325512549670886,0.5016349184214234
0.8440386091476906,-0.5533384516505446,-0.8412288957216352
-0.4066786682641249,0.9227004536902136,0.4053248788736086
-0.16157362510138135,-0.9950849094642096,0.16103576394334296
0.677822325608608,0.747194379399877,-0.6755659282492454
-0.9759092052797621,-0.25881415141656205,0.9726605088729386
0.9598929326191431,-0.31286720784843847,-0.9566975526553506
-0.6349284561650869,0.7838500843911311,0.6328148478673795
0.1056078485180385,-1.0025453699050928,-0.10525629138975867
0.45770337828807706,0.8985644685984359,-0.4561797331449774
-0.873699595485308,-0.5053743553762263,0.8707911438370353
1.0084895327865937,-0.050474002355321845,-1.005132379986182
-0.8186901131803807,0.5900769520460031,0.8159647821614879
0.36538959742549143,-0.9397595384966397,-0.3641732548964294
0.20551409673951604,0.9869739938151458,-0.20482996249289065
-0.7102716522214748,-0.7165240178016963,0.7079072345555892
0.9864233458387462,0.2154558126585976,-0.9831396489928009
-0.9450878379977793,0.35495834144997684,0.9419417425965532
0.5995692488419644,-0.8111266892963448,-0.5975733475300626
-0.0610751348283147,1.0062282814752326,0.06087182229820909
-0.49707643530407525,-0.8774683161784432,0.49542172150320585
0.8952405041052401,0.466289082068741,-0.8922603450969713
-1.0052652020374406,0.09496853001229488,1.001918782686393
0.7917383162965683,-0.6256598614518616,-0.7891027049012123
-0.32338495732931444,0.9549782232480528,0.3223084437132512
-0.24905209504330597,-0.9769302145790539,0.24822302749975045
0.7413300017446759,0.6844504346476155,-0.7388621941863999
-0.9950057011850026,-0.17167553097457933,0.9916934346044907
0.9284319085215,-0.3963543340879111,-0.9253412589109367
-0.5630358610680054,0.8368148052930241,0.5611615754593652
0.016422813220916675,-1.0079406223741523,-0.016368143448345363
0.5354760310659823,0.8546537531744774,-0.5336934891556289
-0.8517215127866561,-0.5054367518686531,0.4507567754506969
1.0132694009212158,-0.0027820276518808473,-1.009896336455746
-0.8486894984080343,0.552655991330559,0.8458643026736712
0.4109529893594981,-0.9246537877461238,-0.409584971215346
0.1590515920872081,0.9990453437703437,-0.15852212650467212
-0.6778643145088138,-0.7518872206820926,0.6756077773729341
0.9785017016753352,0.2627289761311913,-0.9752443751278402
-0.964201523548457,0.3109904132119218,0.9609918007504997
0.6395663917279643,-0.7846153792148935,-0.637437344243606
-0.10908237695772782,1.005706438737561,0.10871925349930645
-0.456510558069535,-0.9031038994922241,0.454990883696188
0.8751724009556265,0.5098311009861334,-0.8722590464969177
-1.0121539312811605,0.04753437654189119,1.0087845800936888
0.8233666926060168,-0.5896005850034985,-0.8206257937592609
-0.369573168229944,0.9418997522646183,0.36834289904452977
-0.2031700458613605,-0.9910419457353111,0.20249371470775435
0.7105215703167934,0.7212104093095351,-0.7081563207009378
-0.9891867950336676,-0.21925229611496122,0.9858938989636359
0.9494753829854762,-0.3532736906001266,-0.946314681920194
-0.6041687278104799,0.8120960876236211,0.6021575153288922
0.06440617354275273,-1.0095397213985862,-0.06419177234360252
0.49608595477751816,0.8820559877710334,-0.49443453817994976
-0.8969093747998008,-0.47067641138157756,0.8939236603013212
1.0090562863350296,-0.09219363537471825,-1.0056972468733554
-0.7964314273988788,0.6253905205915422,0.7937801931426819
0.32746958484920835,-0.9573011253906081,-0.326379473948305
0.2468906168279662,0.9810977175445286,-0.24606874461337747
-0.7417873596021487,-0.6891211986765339,0.7393180295489338
0.9979346913139521,0.1753462382405041,-0.9946126744414505
-0.932889815116322,0.3948651262000047,0.9297843256158794
0.5675878759450507,-0.8379864086797142,-0.5656984371702212
-0.019603838792616887,1.01139594835234,0.019538579730686845
0.7705970849016692,-0.7115238297264348,-0.3494310127998179
-0.2798347357658807,0.9832397458144916,0.2789031961352928
-0.30099436564610355,-0.9769908809461872,0.2999923878914895
0.7849463410180266,0.6562907189240613,-0.782333339374211
-1.0162578875558206,-0.12435883314640073,1.0128748747408827
0.9204797782769091,-0.44759880635941995,-0.9174156004497702
-0.5284388625296994,0.8754936628759874,0.5266797465950768
-0.033683769464469396,-1.0216048064528145,0.03357163983167877
0.5849650464289278,0.8389053512484151,-0.5830177609289555
-0.9479712624623275,-0.38619838519203864,0.9448155684514631
1.0058663470006726,-0.19080921206853452,-1.00251792650265
-0.7400163651864722,0.7064035398564766,0.7375529305828032
0.2359869791565507,-0.9946369845962479,-0.23520140397521816
0.34399645430043235,0.9627396112257911,-0.3428513272336653
-0.8132622409700342,-0.6209778107912123,0.8105549787512711
1.0207739298413057,0.07934999122046871,-1.0173758836090592
-0.8997424433366131,0.48781717386017,0.8967472978594432
0.48912260556956505,-0.8979769951816782,-0.4874943692111433
0.07892473821438607,1.019116686984968,-0.07866200627913433
-0.6215696071205724,-0.8122465985299326,0.6195004689888467
0.9641579831338308,0.34394930384634703,-0.9609484052769685
-0.9964254192381715,0.23505046192365986,0.9931084265698111
0.7079864171278046,-0.7383976048391722,-0.7056296067643003
-0.19167707193140063,1.0040863527939272,0.1910389996488704
-0.38632486945904954,-0.9466029378880264,0.3850388356670742
0.8399854698059318,0.5844487962500095,-0.837189248842854
-1.0232909156450813,-0.034185752384729984,1.0198844906386677
0.8772430767547914,-0.5270802131977464,-0.8743228292399707
-0.4488484639236677,0.9187017532522818,0.44735429583498687
-0.1240111428586939,-1.0146327565354725,0.12359832314960795
0.656956902445593,0.7839971637022669,-0.6547699638278304
-0.9784565224860132,-0.3010266413430557,0.9751993463349684
-0.6438068654259337,1.0430946291509813,0.269523985587945
-0.01068553387532138,-1.1979045827866717,0.01064996288637321
0.6617387199214619,0.9993241577073997,-0.6595358631494558
-1.0998067052718694,-0.47910431531452025,1.0961455674607716
1.1838942678405435,-0.19531857683125264,-1.1799532116100135
-0.8869372418917546,0.8068768291521705,0.8839847235477966
0.30451330765738005,-1.1587361727948509,-0.3034996157243042
0.3759203485313367,1.137648235454198,-0.37466895026794234
-0.9353614309636633,-0.750400316152513,0.9322477137208501
1.1937499437043024,0.12163084593288742,-1.189776078992461
-1.067921750234133,0.5462863563929732,1.0643667539967343
0.598375528101608,-1.0383775026773985,-0.5963836005558898
0.06376201158184093,1.1962596414672526,-0.06354975472761759
-0.7053773052115395,-0.9691173103993556,0.7030291802987843
1.119962016537507,0.43005784551523707,-1.1162337838705576
-1.1740791782358067,0.24741872234376405,1.1701707953793274
0.8503108061407791,-0.845261856873617,-0.8474802132485304
-0.25286399836174234,1.17105159509008,0.2520222414056328
-0.42596884263323376,-1.1199302481656872,0.4245508383335328
0.9677006546161306,0.7083515764846271,-0.9644792835880389
-1.1979712932808477,-0.06878503264365676,1.1939833761520195
1.042666555069582,-0.5929204514488529,-1.0391956306514598
-0.5517723480773745,1.0637903722794357,0.5499355574885434
-0.11671361946280755,-1.1922719771217782,0.11632509242061273
0.7476344983707848,0.9370125695577153,-0.7451457038231851
-1.1379240240137543,-0.3801691618835157,1.1341359977627368
1.161964803233316,-0.29903432961905785,-1.158096747823279
-0.8120191443502416,0.8819915462830769,0.8093160202662708
0.20071948694530325,-1.1810736611254324,-0.20005131343848181
0.4751831306969682,1.100019019301805,-0.47360129734510426
-0.9981447590757851,-0.6649156199520573,0.9948220429103827
1.1998465677777643,0.015804512578175833,-1.1958524080627646
0.6804046061406707,0.7580461630066715,-0.3777896290549565
-1.0025125355767908,-0.29503872589740465,0.9991752795549624
1.0019548461487877,-0.29692086281915,-0.9986194466149156
-0.6789110340704564,0.7933144106581141,0.6766510125182906
0.13735499277996008,-1.0343742083593968,-0.13689775283481254
0.44840970643412403,0.9425134866326401,-0.44691699892183134
-0.8898506288407674,-0.5472982564486589,0.8868884121460113
1.0448869491480066,-0.024068716834143578,-1.0414086332772414
-0.8636191514265276,0.5876890065225576,0.8607442564888573
0.4043895347063229,-0.9621575098144641,-0.4030433655945742
0.1849956609694286,1.0269489394222702,-0.18437983038173789
-0.7148387189505777,-0.7612097239545079,0.7124590980130918
1.014605972936399,0.25046987463047454,-1.0112284591668215
-0.9878152512931141,0.34088544256691555,0.9845269209445484
0.6430893337587079,-0.8225244136995158,-0.6409485587809388
-0.09138064992623808,1.039428192444214,0.09107645360679872
-0.4897395304354907,-0.9217847918992869,0.4881092403995074
0.9132336432296201,0.5074585571923462,-0.9101935870035188
-1.0427971684219828,0.07019673684666161,1.039325809205738
0.8367291860192361,-0.6252587238365581,-0.8339438048742487
-0.36135410665012874,0.9790768501092034,0.36015119783359306
-0.23032530040927798,-1.0177722955724124,0.22955857234434496
0.747872910648941,0.7288906624859887,-0.7453833224527401
-1.0247124329768502,-0.20541050983092002,1.0213012758926834
0.9717411453541339,-0.3841824413415812,-0.9685063239692626
-0.6060082244207424,0.8501236068325285,0.6039908884535122
0.045227349641102914,-1.0424465880361904,-0.0450767926758866
0.5301102615818714,0.8992508983756958,-0.5283455817400012
-0.9348282051703409,-0.4666250646107478,0.931716262978633
1.038665201490276,-0.1161872854390189,-1.0352075971457686
-0.8082005924555536,0.6616039511158678,0.8055101799186726
0.31761101233407657,-0.9940787923726087,-0.3165537195577267
-0.1595994405326111,0.8454453414394284,0.03749619073915578
-0.32244733477116166,-0.7893797541732611,0.32137394239796724
0.7007121969987428,0.48722013753907556,-0.6983796017283689
-0.8534479743853478,-0.028245337430236606,0.8506069381980428
0.7314955967106869,-0.4398204206053269,-0.729060526825418
-0.3741062833041083,0.7663269231029507,0.37286092386737135
-0.10369173437250755,-0.8461857856755958,0.10334655578075336
0.5481158475291722,0.6536938790361863,-0.5462912290352434
-0.816125070222169,-0.25080605958602564,0.8134082779541282
0.8214587736487124,-0.23280543119921449,-0.8187242260578295
-0.5624002683352165,0.6414868778532801,0.5605280985464461
0.12232933256136196,-0.8437013197664489,-0.12192211141753007
0.3571141480888888,0.7743646350672301,-0.3559253536357737
-0.721617961144919,-0.4557933170507039,0.7192157728418996
0.8538640240449099,-0.00947824410605369,-0.8510216028732007
-0.7112880234125515,0.47169916660075695,0.7089202223579033
0.3397790347921643,-0.7821004378616311,-0.33864794706093715
0.14109019487018665,0.8407772539750108,-0.14062052083986365
-0.5765485658870085,-0.628844074349395,0.5746292979421974
0.8264407786611095,0.21451306405501525,-0.8236896465131179
-0.8103372897976138,0.26886046502236083,0.8076397644262103
0.5334211189751948,-0.6656993870440525,-0.5316454176469737
-0.08481965808276413,0.8482783401622597,0.0845373025968571
-0.3910815985687012,-0.7578330208807127,0.3897797301390854
0.7411105278921711,0.4234738830677537,-0.7386434509384648
-0.8526078891375806,0.04718326370150794,0.8497696495034182
0.6896874825904469,-0.5026541495093939,-0.6873915874042485
-0.30478637206653175,0.7963423079494051,0.3037717711318949
-0.17821234808738823,-0.8337221664893626,0.17761909841645274
0.6038521868865114,0.6027627581729189,-0.6018420281348424
-0.8351380074866616,-0.1777999718516199,0.8323579232027037
0.7976288629768783,-0.3043889696703411,-0.7949736425869885
-0.8822825391071701,-0.8222609260644931,0.4818525711959232
1.2123909133817627,0.24773904529447943,-1.2083549948940566
-1.1522828559520952,0.4505967444047554,1.1484470306996901
0.7213045623628465,-1.0039048439436364,-0.7189034173308678
-0.05816938819113613,1.234099200505279,0.057975748576746255
-0.6236880073728898,-1.067090162456381,0.6216118173157353
1.1048070882171688,0.5566307480441524,-1.1011293046709614
-1.230336338316877,0.13298413667162778,1.2262406814466003
0.9598732971225663,-0.7797971538441256,-0.9566779825234056
-0.3804683719556982,1.1756270438192853,0.3792018338128178
-0.3213929398783739,-1.1930732087180282,0.32032305747157097
0.9198117029519455,0.8265204792590852,-0.9167497490750615
-1.222182684238235,-0.19394639597181906,1.2181141700021496
1.1311856843971253,-0.5010506812051763,-1.1274200893519715
-0.6761087195147408,1.034781118419048,0.6738580265659744
0.0034214698131865063,-1.235460069377447,-0.0034100801103453815
0.6703670036990622,1.0384976206319596,-0.6681354243010534
-1.1283932034855304,-0.5072875035942093,1.1246369043072135
1.223238217597099,-0.18719661798762055,-1.2191661896046706
-0.9243755198423739,0.8214302085798353,0.9212983735125979
0.32799614415286343,-1.191280784297723,-0.3269042803930422
0.3739510674313266,1.1777093699003363,-0.3727062246905355
-0.955539532051613,-0.7850840193221581,0.9523586440878401
1.2295809650717628,0.13977392719192516,-1.2254878227573822
-1.1078732289205153,0.5505233736942605,1.1041852385233835
0.6295888033546441,-1.0636309051078652,-0.6274929701855342
0.05133314908009,1.2344014461492208,-0.051162266567590375
-0.7157331711365555,-1.0078713127215166,0.7133505726645062
1.1497695035524857,0.4569508008058465,-1.1459420449787543
-1.21374453972596,0.24104249843177383,1.2097041151621304
0.887067470159627,-0.861454596268959,-0.8841145182995863
-0.274881577435677,1.204601552210895,0.2739665263362623
0.4939977935581115,-1.0058933671299457,-0.19654036286254284
0.12019238322717817,1.0916063201168344,-0.11979227575668605
-0.6956978071136523,-0.8506575145063039,0.6933819042058698
1.047288062352798,0.335918682717532,-1.0438017534353088
-1.0618013846101022,0.2869379090000057,1.058266762409408
0.7345665603677878,-0.8174415428267945,-0.7321212675760425
-0.1709063894223576,1.0848459415405782,0.17033746049943677
-0.44776118936468845,-1.003085143134911,0.44627064069572064
0.9223137210649902,0.5984744281475446,-0.9192434382399445
-1.1000131790796994,-0.0012405639429224902,1.0963513539396346
0.9236657592843157,-0.5963925843785367,-0.9205909756703878
-0.45003010291680695,1.0020726393516335,0.4485320012798416
-0.16845086611463864,-1.0852286591143665,0.16789011136319032
0.7327147545269321,0.8190963014496738,-0.7302756261962595
-1.0611493128009424,-0.2893321131221982,1.0576168612767036
1.0480455984136947,-0.3335556243129467,-1.0445567677407013
-0.6976211328047066,0.8490861685709583,0.6952988273539795
0.12266246282328934,-1.0913324352479905,-0.12225413272524799
0.4917759723218648,0.9823257817775618,-0.49013890319061226
-0.9479328969416217,-0.5571507562866507,0.9447773306452384
1.0989910382754908,-0.04734710777047679,-1.0953326157319314
-0.8963312849126466,0.6366059765152954,0.8933474948137704
0.40518108530594066,-1.020968792497317,-0.40383228120808523
0.21637945931162236,1.0767257152048304,-0.21565915544637826
-0.7682967728766187,-0.7859309920083912,0.765739195847549
1.0729324366925543,0.24217892322127677,-1.0693607604207624
-1.0322373476260833,0.37952011317359147,1.0288011409132773
0.6593095025923311,-0.8790679665729251,-0.6571147324226156
-0.07417831732348189,1.0956816925753525,0.07393138571175739
-0.5348276743104666,-0.9596426597676283,0.5330472907108125
0.9716956662756542,0.5147359752210823,-0.9684609962853197
-1.095816662687284,0.09584205616880226,1.0921688072976836
0.3950955267608154,1.297143586293683,-0.2621863447867101
-1.0491203788313632,-0.8903758617120594,1.0456279703300597
1.3654785541417824,0.1772961656744243,-1.3609330234219124
-1.2423479778583362,0.5928475320483728,1.2382123355365982
0.7193590807114829,-1.1721791361244838,-0.716964411978106
0.03516053024310566,1.3742367481505982,-0.03504348463284068
-0.7783634804599342,-1.1339867230430223,0.7757723924484483
1.2710447412104573,0.5287551991616857,-1.266813570460934
-1.35463142860415,0.24665985610765606,1.3501220067944526
1.0022205870573497,-0.9426857244137432,-0.9988843029009209
-0.32723809230407047,1.3353016483371094,0.3261487520166395
-0.4530682540940743,-1.2981414672833091,0.45156003877896644
1.0875514377814979,0.8431654434848007,-1.0839310964328202
-1.371998641603157,-0.1168107685751274,1.367431406215897
1.2148585584200555,-0.6471402630828926,-1.2108144254088693
-0.6667078148471044,1.2028047087189309,0.6644884164953824
-0.09602746711809505,-1.3713381091675987,0.09570780204411045
0.827855642183342,1.0984968195610272,-0.8250998001067911
-1.2932327319645955,-0.4720967029817813,1.2889276997884451
1.3423738895391601,-0.30625101467527616,-1.3379052717541757
-0.9594626922112606,0.986029717311378,0.9562687444720164
0.267741766951864,-1.3484479105632863,-0.2668504835101182
0.5101537046233972,1.2768587830811877,-0.5084554580047584
-1.1238526649566054,-0.7943037925059759,1.1201114807407608
1.3758318434601726,0.05609661237724217,-1.3712518477577156
-1.1849899923317975,0.7001656518592148,1.1810452885531963
0.6127508861520974,-1.2310747406017197,-0.6107111045910807
0.15670634635861444,1.3657538781490326,-0.15618468784612372
-0.8757265534623109,-1.0608556491594872,0.8728113542898375
1.3128880901743314,0.4145136651902537,-1.3085176274323989
-1.3274874811953683,0.3652424194109427,1.3230684186565538
0.9148258111785609,-1.0274426958677023,-0.9117804547991354
1.3483963130752512,-0.32690151525959,-0.6573050525783763
-0.9899712807929989,0.9501049103269638,0.9866757732547243
0.31291711955826007,-1.3348740957210063,-0.3118754522429945
0.4648515888291021,1.290004786915386,-0.46330414806489584
-1.0930045864231663,-0.8299384824250489,1.089366092131459
1.3693664704062212,0.10275071606019148,-1.3648079972327813
-1.204988249956379,0.6575080815483991,1.2009769741363097
0.6527761964138937,-1.206143338790117,-0.6506031749153496
0.10953640741694606,1.3665729895795753,-0.10917177253930377
-0.8365939581356502,-1.0871616371321102,0.8338090271488213
1.294387935921057,0.45783976486382105,-1.2900790581956982
-1.335574171087139,0.31884101397952946,1.3311281888307387
0.9468965879371454,-0.992900599128001,-0.9437444714022603
-0.2534537647482723,1.3473882338828862,0.25261004452364344
-0.5215649120621269,-1.2682096121995563,0.5198286787656303
1.1287143013014609,0.780848923112587,-1.1249569332229907
-1.3725791573048258,-0.042166587587989524,1.3680099894435032
1.1746698832949969,-0.7100873568659005,-1.170759534045458
-0.598684952967956,1.233794756194644,0.5966919953812078
-0.1699908854512231,-1.3603967484275987,0.16942500414107164
0.8839539773371916,1.0491456035129136,-0.8810113899580829
-1.3134103453438355,-0.4002196630992372,1.3090381440707237
1.3201364762077752,-0.3775197541466335,-1.315741884371569
-0.9019675180186799,1.0337518178360032,0.8989649655084386
0.19349405283467785,-1.3572636828078006,-0.19284993201908907
0.5772568164602939,1.2439308095509527,-0.5753351908253446
-1.1622135721489657,-0.7302301700625347,1.1583446886140696
1.373103821732583,-0.018500118806509258,-1.368532907319853
-1.1420510744147925,0.7612760160126841,1.1382493096585549
0.5434212608526675,-1.2590299428034752,-0.5416122701309822
0.2301124578621895,1.3515563425096173,-0.229346438327801
-0.9295828846086037,-1.0090749510815693,0.9264884035217408
0.6952804761657744,1.179711473369498,-0.40628706983965035
-1.2451770332899508,-0.6413903525658304,1.2410319733479014
1.3943047184211863,-0.13810176908829797,-1.3896632285119397
-1.0946657508784006,0.8731448776800099,1.0910217267497024
0.4427010124131393,-1.3271602461521286,-0.44122730852727554
0.35175012006002787,1.3540198764567117,-0.3505791818772819
-1.032988034596326,-0.9450788101247259,1.0295493289277668
1.3817515793528092,0.23195756816155821,-1.3771518774885754
-1.2857887863864037,0.5558208273284371,1.2815085343020283
0.7759859467723823,-1.1647044311195813,-0.7734027733142634
-0.01642664341387935,1.3987198285548141,0.01637196089149806
-0.7484196891586277,-1.1825475394705025,0.7459282807958345
1.2723819493603852,0.5857641157434079,-1.2681463271889626
-1.3868192464795637,0.19955155492060284,1.382202674898592
1.0548991420321372,-0.9206401723770047,-1.0513874966526082
-0.3834524257731225,1.345414359410561,0.38217595403773785
-0.41141111558907967,-1.3371575952072483,0.4100415723912276
1.0738591334458787,0.8985273766427193,-1.0702843723001532
-1.390678134637216,-0.1706998844660712,1.3860487172338403
1.2598977243205958,-0.612068550498478,-1.2557036607875327
-0.7236104854140343,1.1978384735988046,0.7212016642139496
-0.04557581141638028,-1.3980757687598258,0.04542409445856044
0.8000932169621188,1.1483326725172842,-0.7974297930024743
-1.2970950665038254,-0.5289907340752265,1.2927771770328444
1.3766178646556564,-0.2606105443017315,-1.3720352523737052
-1.0130666467973395,0.966332509876629,1.0096942572791612
0.3234528961135784,-1.3610336490150092,-0.3223761563352112
0.47026641454491264,1.3176766601305767,-0.46870094841041876
-1.1126272151645797,-0.8502162910732225,1.108923399259835
1.3968812228955254,0.10910790666246228,-1.392231156080798
-1.2315393121016869,0.667117614918018,1.227439650661356
0.6698179245503242,-1.228626701108656,-0.6675881729800714
0.6210066319300211,0.6937872192359362,-0.3449051122324054
-0.9160397974578958,-0.27089091676091526,0.9129903998475799
0.9162391951657397,-0.2702179727006543,-0.9131891337820166
-0.6215406475170976,0.7243553318366808,0.6194716057894384
0.12679492782493815,-0.9453538990571101,-0.1263728411965137
0.408760619578679,0.8620837513637899,-0.4073998995965533
-0.8127537240171787,-0.5013459638404477,0.8100481545966681
0.9551564003686713,-0.020753502411964275,-0.951976787809464
-0.7901353587118239,0.5361733098454463,0.7875050833884012
0.37080376685473126,-0.8790220154720365,-0.369569401138945
0.1678735914276084,0.9389513833825283,-0.16731475836133713
-0.6525196689561693,-0.6966727304944198,0.6503475014095522
0.9271477613394187,0.2301651231011126,-0.9240613865162008
-0.903366910617578,0.31042272693336426,0.9003596996799207
0.5888311486785023,-0.7510988673972085,-0.5868709933423055
-0.08477599396145158,0.9500286233757713,0.08449378382876294
-0.44656490291407963,-0.8431850719675157,0.4450783365529898
0.8341757858014404,0.4649565518845361,-0.8313989046494108
-0.9533014013078519,0.06292146207976967,0.9501279638403362
0.765600343130768,-0.5705477666825343,-0.7630517422262173
-0.33148549983652836,0.894539311923167,0.3303820203880581
-0.20932025270175197,-0.9306171698662048,0.20862344817345724
0.6827548288387854,0.6671694314857074,-0.6804820117082666
-0.9364400237344304,-0.18898858019335496,0.9333227159726983
0.8887254963676905,-0.3500195575640547,-0.8857670251177319
-0.5549684985985041,0.776371470937224,0.553121068369366
0.04259103704895652,-0.9528428369370734,-0.04244925608380301
0.48349464543528664,0.822635121379563,-0.48188514394798376
-0.853964219940283,-0.42765658139881313,0.8511214652271343
0.9495794821684596,-0.1049661980317429,-0.946418434567845
-0.7395659962251477,0.6038048779664856,0.7371040608508378
0.29151806044270956,-0.9083047664065759,-0.2905476282866648
-0.03283590903306717,0.8315192110473596,-0.025137048017846997
-0.4246732326121281,-0.7141613298662014,0.4232595412591067
0.745498346324463,0.3685860948135805,-0.7430166627970614
-0.8263796421367396,0.0956211335230911,0.8236287135057893
0.6412849135261884,-0.5290520362480577,-0.6391501452681053
-0.24978818379541942,0.792203868508247,0.24895666589331789
-0.22210460688127773,-0.8003793863309627,0.22136524461818963
0.6225114880170212,0.5509472425517131,-0.6204392144660231
-0.8225587253549217,-0.12418890416567852,0.8198205161434191
0.7578597268604423,-0.34254049512646323,-0.7553368936316202
-0.44923831432958633,0.6990208581984103,0.4477428484712598
-0.003973568211934368,-0.8305165055632868,0.003960340631965487
0.45590653024054106,0.6947046502940274,-0.45438886661071487
-0.7611028106778069,-0.33529728079415844,0.7585691815727025
0.8213328680390855,-0.13202784611171914,-0.8185987395744585
-0.6172112402548001,0.55685889422942,0.6151566106568956
0.21443589020845213,-0.802461041610201,-0.21372205627628094
0.25735713968264773,0.7897855321868011,-0.2565004255426939
-0.6463179876329748,-0.5229120666586762,0.6441664648140111
0.8272569046229841,0.08773572250084571,-0.8245030556798429
-0.7419374441691455,0.37567897299185304,0.7394676145009638
0.41782026689317614,-0.7181787831211356,-0.4164293883238551
0.04077526372676815,0.8295277664155817,-0.04063952727444031
-0.486246992660606,-0.6738874796342572,0.48462832890607266
0.7752167515543543,0.30135182950880635,-0.77263613866353
-0.8146776175241789,0.16817599888237944,0.8119656436701875
0.5919288369263772,-0.5835752145811424,-0.5899583697197508
-0.17866365108434865,0.8111466963770464,0.17806889907445111
-0.2921056711149248,-0.7776449830876594,0.2911332828650298
0.6688587553129551,0.49385283369894284,-0.6666321967116556
-0.8303350059983033,-0.051110721533362824,0.8275709103878733
0.7245621709444482,-0.4080817311605456,-0.7221501816857911
0.3202783961185235,-0.9192071733003645,-0.11408372207211248
0.2234468665867627,0.9318028948822737,-0.2227030360862442
-0.6952542041471174,-0.6604919656333619,0.6929397779457475
0.943289149754345,0.17659711221112706,-0.9401490419914758
-0.8877199343440925,0.3641367476864038,0.88476481050136
0.5464318956491465,-0.7876706675594364,-0.5446128828493874
-0.029270958092855102,0.9576873151891298,0.029173518232977202
-0.4973110405201371,-0.8194656523063206,0.4956555457449813
0.8638300284845212,0.41749328062343105,-0.860954431559533
-0.9523193252051881,0.11885220160262722,0.9491491569629451
0.734298036253424,-0.616944277689071,-0.731853637349511
-0.27993782694880565,0.9164685552684434,0.2790059441391074
-0.26452231524487674,-0.9210210663500901,0.26364174900908033
0.723844114003521,0.6291365536395188,-0.7214345150778095
-0.950191659854985,-0.13476007377036803,0.9470285743809737
0.8707134238969083,-0.4029898713256008,-0.8678149128920598
-0.5109900280981593,0.8110347288414793,0.5092889974504006
-0.013199055458624372,-0.9580424288005823,0.013155117227012236
0.533139931390225,0.796697522466166,-0.5313651661041024
-0.8814860194279976,-0.3789299879736324,0.8785516476148453
0.946119712971706,-0.1607987936222499,-0.9429701825695528
-0.7062382090770897,0.6487733672501755,0.7038872183094208
0.23904903499335184,-0.9279357289431145,-0.2382532665589676
0.3050797304448454,0.9084355346877693,-0.30406415295123723
-0.7510164668225286,-0.5965490573725885,0.7485164140672379
0.9552333399119024,0.0926591247896974,-0.9520534712291947
-0.8520017314668447,0.4410537903321826,0.8491655096659978
0.4745474512834383,-0.8328104813076489,-0.4729677340397309
0.05564322033138886,0.9565213376312293,-0.05545799005691188
-0.5679247352158311,-0.7723691614133282,0.5660341750728515
0.8974157316243846,0.3396246089259286,-0.8944283315188906
-0.9380672450868403,0.20243048156638577,0.9349445204814096
0.34774378235194403,1.1987772982033662,-0.2336159787251857
-0.9544971560136549,-0.8315720259961112,0.9513197380076927
1.2540389940390613,0.17934681995390056,-1.2498644335862623
-1.1499596764860458,0.530602405088656,1.1461315848473097
0.6757578542117564,-1.0697735626926286,-0.6735083292549926
0.01594132444828417,1.2646306729394925,-0.015888257499869773
-0.7025096771724078,-1.052457622228019,0.7001710982845522
1.1629704135838301,0.5015437798025968,-1.159099010605652
-1.2491210492205096,0.21079540979259126,1.244962860075211
0.933233403958241,-0.85528863343653,-0.9301267706879973
-0.3169781092684183,1.2245012731260072,0.31592292335703376
-0.4012987903030118,-1.1995996777592728,0.3999629099450164
0.9904148884605758,0.7885985986681782,-0.9871179041998951
-1.2607590794583854,-0.12378158626485614,1.2565621485665317
1.1253192087357715,-0.5808753889506191,-1.1215731425549462
-0.6276875388876693,1.0985735878842062,0.6255980348227763
-0.07196972266234773,-1.2626882514275701,0.07173014322298776
0.7484630293706779,1.0203979358600361,-0.7459714767327486
-1.184058314360149,-0.4496854611895018,1.1801167120361449
1.2385562113210364,-0.26576140081258637,-1.234433191380952
-0.8944161938004105,0.8956711110881338,0.8914387788333256
0.2624021154046657,-1.2373028566480664,-0.26152860708649195
0.45406790538943337,1.1807000886285768,-0.45255636234272756
-1.0243930187639734,-0.7440808008444993,1.0209829249748736
1.2650101278696269,0.06797394201347506,-1.2607990456964928
-1.0984749458135596,0.6300108019192985,1.0948182412865186
0.5783879770022545,-1.1252221958155562,-0.5764625858567407
0.12785717728810622,1.2582730148681882,-0.12743155454553512
-0.7929506115033153,-0.9863399293466207,0.7903109645069739
1.2028273868642831,0.3969464905438691,-1.1988233043239598
-1.2255658179191802,0.32020693178226756,1.2214860415962097
0.8538473827862761,-0.9342995302867235,-0.8510050170129396
0.23289176725096808,-0.7800301378636926,-0.0773798612601817
0.22330790537672499,0.7712255575255951,-0.22256453746308746
-0.6076343784895833,-0.5258315655409218,0.6056116292303387
0.7963895087806255,0.11119503394458385,-0.7937384140665171
-0.7288211472564253,0.3392303912257377,0.7263949803246939
0.4266766401227806,-0.6804721600945459,-0.42525627964251744
0.012796705558375754,0.8026992405032364,-0.0127541067066822
-0.44815134272279555,-0.6665719981405918,0.4466594952754044
0.7392653592337871,0.3159039309354822,-0.7368044246475197
-0.7924416880082976,0.1364400093980006,0.7898037351634444
0.5905651584883077,-0.5448697855610524,-0.5885992308202415
-0.198611133095826,0.777929438838541,0.19794997807168757
-0.2572672642116646,-0.7606071019586305,0.25641084925771995
0.6303424066226203,0.49847808929510296,-0.628244064788494
-0.8005374697214812,-0.07591044323332186,0.797872566893096
0.7130739909817748,-0.371089505941794,-0.7107002446337973
-0.3961026981939712,0.6986517215830387,0.39478411506668365
-0.0483569976919268,-0.8013480306992954,0.04819602246560695
0.4772526581837942,0.6461249132994853,-0.4756639355979253
-0.7525412376242286,-0.28294200725388463,0.7500361090717361
0.7856191957091007,-0.17130774796653148,-0.7830039542048309
-0.5658401620066672,0.5704209153117262,0.5639565411833747
0.16394154418650284,-0.7859401512890681,-0.163395800481968
0.29072279768721965,0.7484990936976662,-0.2897550128732179
-0.6518159889721019,-0.47014840683341164,0.6496461639001638
0.8031176793993836,0.04047719153147167,-0.800444187331509
-0.695930369591844,0.40222188885130017,0.6936136925086689
0.36475303928895475,-0.7154630621444138,-0.36353881579180347
0.08382258876891079,0.7984274822511674,-0.08354355241852462
-0.5054193347479079,-0.6244124746338844,0.5037368483363847
0.7643433592945502,0.24942597747976414,-0.7617989427530033
-0.7772581676975132,0.20584000200321806,0.7746707591533011
-0.6452161511775013,-1.0650595425480491,0.3755479395594463
1.1393293978156351,0.5702812328763351,-1.1355366932271294
-1.2667415687163361,0.14027998291405885,1.2625247227635477
0.9864441721994055,-0.805691112401376,-0.9831604060249671
-0.38865287111548485,1.2117849643777614,0.38735908765813676
-0.33422905450575896,-1.227857413543254,0.3331164420590793
0.9495370387673331,0.8487354305614309,-0.9463761324561709
-1.2592299355607082,-0.19644205746181642,1.255038095024053
1.163630936212193,-0.5190775555025751,-1.1597573344253098
-0.6935092422957493,1.0675284538714436,0.6912006248840008
0.00017678451129961187,-1.2723879087424905,-0.00017619601474394564
0.6932125725953231,1.0677204824624598,-0.6909049427649971
-1.1634866510364574,-0.5193998069495565,1.1596135295593446
1.2592844740950795,-0.1960933020241029,-1.2550924520055355
-0.9497728474059318,0.8484724204915856,0.9466111561140422
0.33457023660130314,-1.2277648004580437,-0.33345648839733566
0.38831612738888,1.2118925564417327,-0.38702346491400696
-0.9862202501477713,-0.8059642803616485,0.9829372293850624
1.2667025392064235,0.14063080576636966,-1.2624858231785723
-1.1394878227661465,0.5699656699023659,1.1356945907985305
0.6455210404183527,-1.0971147380984947,-0.6433721705517725
0.0562111698964471,1.2711498118348656,-0.05602404897829483
-0.739851424970729,-1.036056494504558,0.7373885394343194
1.1853653629827166,0.46750120227218916,-1.1814194096349266
-1.249361230293615,0.2515225972333457,1.2452022416116262
0.9112415127598864,-0.8895921027879167,-0.9082080881220728
-0.27983238864514,1.2413402146476709,0.27890085682783505
-0.44164273230869894,-1.193554361229222,0.44017255132279165
1.0209720740526649,0.7616147511772725,-1.0175733682196357
-1.271694466330754,-0.08454414644576969,1.2674611327162415
1.113113166711753,-0.6197375787118409,-1.1094077331267604
-0.5962686673251716,1.1245524620375347,0.5942837532933098
0.16137187894624772,-0.7213333055883911,-0.04458210385724026
0.25327964809070674,0.6861292179354868,-0.2524365074806578
-0.586411362161078,-0.43815155084581836,0.5844592620324287
0.7308025085418954,0.049151765535358494,-0.7283697458722623
-0.6399797944292328,0.35566785671669154,0.6378493707717237
0.34317514083764467,-0.6460133102925949,-0.34203274783551507
0.06408281410189394,0.7284348954252047,-0.06386948933058578
-0.45071527046964105,-0.5764046527815683,0.4492148879835317
0.6922818882402432,0.23885457132719445,-0.6899773565576447
-0.7110327745657081,0.17557251200074953,0.7086658232066031
0.5009328265163994,-0.5334903635437196,-0.4992652752067367
-0.12960417085370082,0.7197006381716131,0.12917273255838024
-0.2834384868905983,-0.6742702663521883,0.28249495076125064
0.6052545000425215,0.41182132862619736,-0.6032396731415207
-0.7322651507715662,-0.016824837481217436,0.7298275191238298
0.6235911794520727,-0.3835868444025431,-0.6215153117250993
-0.31421005815131187,0.6605384376142207,0.3131640867833735
-0.09630175156362805,-0.7248911493228636,0.09598117342678125
0.47581817402577997,0.5559326125384242,-0.4742342266829014
-0.7021892141207253,-0.2080433052093006,0.6998517020196329
0.7025557811607591,-0.20680618410624962,-0.7002170487978467
-0.47679989299939396,0.5550936674502943,0.47521267762079267
0.09758264940422166,-0.7247204005501002,-0.09725780729773204
0.31304224730553065,0.6610908418346487,-0.3120001634529246
-0.6229123236285828,-0.38468460648317493,0.620838715738834
0.7322937444296713,-0.015535039886626079,-0.7298560175967586
-0.6059813401148559,0.4107546258270123,0.60396409364191
0.284629634854269,-0.6737699840491403,-0.28368213352213567
0.1283320942395683,0.7199277956968458,-0.12790489054972876
-0.49998924794062494,-0.534371848670844,0.49832483770197444
0.710721391343083,0.1768246126224654,-0.7083554765450059
-0.692702921222544,0.23763485248787686,0.690396987967157
1.1235505431182256,0.18257699917365144,-0.5704285266393982
-1.0728180047208604,0.40992414072175354,1.0692467093809366
0.6767915441655368,-0.9266190784471767,-0.6745385781665625
-0.06293502693712033,1.1450752333263983,0.06272552302572176
-0.5711775655963421,-0.994980975422351,0.5692761771320048
1.0214526936152974,0.5246451835728266,-1.0180523878516312
-1.1429661814257552,0.11455130261626256,1.139161370377168
0.8966080694478674,-0.7168786568606966,-0.8936233579627151
-0.36167042620206113,1.0884736389324938,0.3604664643915523
-0.28967335437767605,-1.1097358242962994,0.28870906304729216
0.8477837549828245,0.7738218309939315,-0.8449615743701994
-1.1330290688615543,-0.18884790963333842,1.1292573373880015
1.0536011116126422,-0.45690802239605754,-1.0500937872357041
-0.6350643226533719,0.9556049356315915,0.6329502620714605
0.01212767292869672,-1.1467337666707766,-0.012087301215353285
0.6147123525165304,0.9687783744565043,-0.6126660414451041
-1.0437029400651539,-0.479014937312115,1.0402285656324983
1.1367704911275847,-0.16492278265475724,-1.1329863048634097
-0.8639605683336707,0.7557789601554565,0.8610845368563474
0.3130789391394034,-1.1033824328281443,-0.3120367331448748
0.33856931996300516,1.0958546099829565,-0.33744225924056015
-0.8812466931388703,-0.7356183736596134,0.8783131180168613
1.1402887006481932,0.13861825722365384,-1.1364928026440628
-1.032320874144091,0.5029971075664863,1.0288843893810156
0.5920934080830516,-0.982719361557341,-0.5901223930375687
0.038703431591390135,1.1461465671432596,-0.03857459204279268
-0.6570433031348667,-0.9406785437200493,0.6548560768985329
1.0639092264702414,0.4324466009539252,-1.060367587491357
-1.1283485797709956,0.21497128230740015,1.1245924291404144
0.8296211098491441,-0.7931991660603183,-0.8268593907219468
-0.2638743266194541,1.1161303919493943,0.26299591746815176
-0.3868022404079348,-1.0798273031830408,0.38551461749880667
0.6565484377101104,0.33803754045114154,-0.34488854499617305
-0.7529712248057241,0.045421929444968145,0.7504646648725024
0.6070449961865068,-0.4470621108548145,-0.6050242089174512
-0.26573712153111867,0.7048122484492245,0.26485251133677445
-0.1611000903955251,-0.7357136711813924,0.16056380558327754
0.5360861198961746,0.529820541632017,-0.534301547066966
-0.738529110280366,-0.15340099282519282,0.7360706265874459
0.703271379764663,-0.27239173040867315,-0.7009302652510985
-0.44166087366931844,0.6105132843087657,0.4401906322930266
0.03789874944125081,-0.7521368995642126,-0.03777258859533561
0.3780613503818071,0.6516800324755664,-0.3768028249533001
-0.6723397801403935,-0.34147542307151835,0.6701016335831178
0.7502209843808445,-0.0786354217182722,-0.7477235797011291
-0.5866383568789529,0.47343691015293177,0.5846855011097757
0.2342421018617979,-0.7158594425282324,-0.23346233518881376
0.19354659971243118,0.7278776439390297,-0.19290230397250585
-0.5590409845983133,-0.5056233728328058,0.5571799975019692
0.7446041478141933,0.12063070922010144,-0.7421254409770739
-0.6905112971279347,0.3031877855550319,0.6882126595523813
0.4141725920372082,-0.6294231868660294,-0.41279385618369524
-0.004529563076501351,0.7530743661246733,0.004514484650456341
-0.40657133720391175,-0.6343433329189913,0.40521790510639644
0.6868144302491896,0.3114444944989081,-0.6845280991440111
-0.7460015311580085,0.1116949164757075,0.743518172582733
0.5650828606350602,-0.4988845432135852,-0.5632017607862372
-0.20228834869790321,0.7255047165379533,0.20161495262018436
-0.22561407252245966,-0.7186161605016674,0.22486302762732058
0.580901038323075,0.48043600468451353,-0.5789672814676822
-0.7492209724132232,-0.08762418564636554,0.7467268966653231
0.6763989355547446,-0.333390085815764,-0.6741472765073009
-0.3858732058299855,0.6471004438150915,0.3845886755780875
-0.02884849386394735,-0.752537031900195,0.028752460340676356
-1.1175304695717183,0.8727465907537035,0.5146987750593679
0.4925265503408271,-1.2923988807936673,-0.49088698261715247
0.2910004581612628,1.3519135946422756,-0.29003174904591256
-0.9808669491234686,-0.976305533277822,0.9776017489225991
1.3550346034818996,0.2864667586641345,-1.3505238395464587
-1.2930749642666555,0.4955733308340038,1.2887704572825014
0.8149301714735038,-1.1181097036089316,-0.8122173568947288
-0.07449444587096132,1.3807747065307752,0.07424646190143602
-0.6899178342642027,-1.1990277850287612,0.6876211722617787
1.2322752701373196,0.6313654474476937,-1.228173158771995
-1.3780163560502356,0.13950624223681096,1.3734290883411497
1.080233311789545,-0.8654768794263962,-1.0766373316929845
-0.4347696773149122,1.3128877749644334,0.4333223759877092
-0.35062759590814685,-1.337736626263889,0.3494603944864594
1.0231729433850107,0.9320256580372943,-1.0197669110950236
-1.3664029763232841,-0.2263357617917916,1.3618543683016853
1.2698467259713764,-0.5522018705747478,-1.2656195432856454
-0.7645814917837754,1.153009497595866,0.7620362825257909
0.013230396857758654,-1.3827130138001225,-0.01318635429564674
0.7423789931403197,1.167380747930492,-0.739907693602202
-1.2590485507147293,-0.5763188845607781,1.254857313988117
1.3704845921190787,-0.20023521252239607,-1.365922396839348
-1.040820653855418,0.9123422164530087,1.037355874243412
0.3761613629305587,-1.3308055446780565,-0.3749091623563783
0.4095680739081657,1.3209398700998665,-0.4082046659971461
-1.0634751830006028,-0.8859205285674343,1.0599349889051117
1.3750954219621814,0.16576151499072211,-1.3705178777272513
-1.2441316536630966,0.6077489928767354,1.2399900736768943
0.7127354760608384,-1.1856512684862353,-0.7103628565921294
0.04805956221229476,1.3819434527236252,-0.04789957711713644
-0.7933862967652685,-1.1334475434617746,0.7907451994197179
1.283356144137981,0.5201436741172139,-1.2790839900564288
0.17470241822130303,-0.7905466661169489,-0.04778403585701363
0.27944782336316754,0.7508853942884011,-0.2785175717221755
-0.6436558431141406,-0.4782742898461584,0.6415131822872483
0.800698761598384,0.05172728510994595,-0.7980333218467835
-0.7000312253338155,0.39146850542180034,0.6977008969446535
0.3740537796858302,-0.7086674399690313,-0.37280859502796304
0.07231547157818345,0.7977768395012195,-0.07207474117874202
-0.49540948631181686,-0.6301162251951214,0.49376032160536876
0.759052518819083,0.2596483296394603,-0.7565257149143692
-0.7783892289179044,0.19438918324966636,0.7757980551925922
0.5471959622304907,-0.5858611880898992,-0.5453744059356003
-0.13988387654849266,0.7887697025846121,0.13941821822250622
-0.31245080585311974,-0.7378072127837985,0.31141069084545225
0.6642210274051866,0.44937634980363517,-0.6620099072992935
-0.8022071003660846,-0.01631058913731387,0.79953663951754
0.681997249275129,-0.4220048478684679,-0.6797269540459733
-0.3422818491843492,0.7244950950947637,0.34114242985411714
-0.10759934013467373,-0.7938015666305684,0.10724115354486363
0.5228489348931852,0.6076174934972253,-0.5211084272237443
-0.7698159704189651,-0.22586751209406952,0.767253336145646
0.7690123919206431,-0.22857949601429783,-0.7664524326737201
-0.5206968367162231,0.6094566065665508,0.518963493150168
0.10479139001686344,-0.7941758775407866,-0.10444255079101905
0.3448418930052302,0.7232841292810116,-0.34369395156443716
-0.6834854189238972,-0.41959836308431087,0.6812101697380174
0.8021444181106381,-0.01913804905875227,-0.7994741659245855
-0.6626276679645843,0.4517147472587729,0.6604218519805111
0.30983960302417635,-0.7389039183188659,-0.30880818042911595
0.14267248900871085,0.7882717339100124,-0.14219754769255688
-0.5492644500435411,-0.5839288198803746,0.5474360079757434
0.7790718349220306,0.19164436162765752,-0.7764783888748824
-0.7581295415333105,0.2623221647807783,0.7556058101209714
0.507504624849252,0.5009830789390557,-0.2785692092472891
-0.7126490024104764,-0.16600123061907557,0.7102766708032978
0.6884223514454818,-0.24776335839465757,-0.6861306677444253
-0.44262218774505835,0.5817835905737279,0.44114874625787726
0.05436100030333958,-0.7285527354738875,-0.05418003840106933
0.35139665245176105,0.6408321249601046,-0.350226890924657
-0.6440548532734337,-0.34685524646927257,0.6419108641849169
0.7294195286387349,-0.05875940091375709,-0.7269913697599025
-0.5800154651928234,0.4454619272139154,0.5780846563147951
0.2439293978959294,-0.6887894399116915,-0.24311738325953736
0.17066703943435163,0.7104252899029164,-0.170098907281499
-0.5303331053781947,-0.5034058286751527,0.5285676837133835
0.7193077798647387,0.134361706922001,-0.7169132819060678
-0.6767682520771946,0.2779276629224209,0.6745153636151996
0.41640616433688055,-0.6007640851239227,-0.4150199931622539
-0.022020861976819232,0.7302404161158704,0.02194755690469452
-0.3794520076759381,-0.6246837999636975,0.3781888528992233
0.6587956145603775,0.31806836633368196,-0.6566025550683313
-0.7261012796401363,0.09091957898279324,0.7236841668541607
0.5597062073836584,-0.4706444266538412,-0.5578430058331513
-0.21316580688584014,0.6988890984647046,0.21245620092388728
-0.201983488322623,-0.702191462353445,0.20131110709119104
0.5521229956759582,0.479488629577966,-0.5502850378180391
-0.7245578841175727,-0.10245905283606749,0.7221459091285661
0.6637887877859032,-0.3075476813161965,-0.6615791065595761
-0.38937466218507255,0.6185680592878653,0.38807847596339373
-0.010362401419370478,-0.7304980133727453,0.010327906103540507
0.40676425419280055,0.607312110848189,-0.4054101798958376
-0.6722462080590214,-0.28865858957932977,0.6700083729931694
0.7213610532310596,-0.1229017025694279,-0.7189597201469781
-0.5383008358425495,0.49490522858138764,0.5365088904630427
0.1819847576360211,-0.7076200712180055,-0.18137895002192428
-0.0884772695706476,1.1459205423388021,-0.013046514797683262
-0.5477977476059127,-1.005853776095516,0.5459741880322788
1.007760256987306,0.5464661676870058,-1.0044055318673055
-1.1433681319397226,0.08880537027612379,1.1395619828413144
0.9109750365405939,-0.6954942833425742,-0.9079424989728119
-0.385378301781464,1.0783335333002453,0.3840954190119572
-0.26425511464327484,-1.1141036499386872,0.26337543788978346
0.8288361880014757,0.7912917729072677,-0.8260770817945029
-1.1266505805973175,-0.21379714573907083,1.1229000824227011
1.0618446627918527,-0.4325095769323406,-1.0583098965228304
-0.6552766691035422,0.9396100898527271,0.6530953238015902
0.037803330633814775,-1.144290572724442,-0.03767748742694588
0.591837272225347,0.9806731912746055,-0.5898671098274244
-1.0309909405749318,-0.5014193355296653,1.0275588830164606
1.1383130177190088,-0.13921981413178908,-1.1345236965502885
-0.8792611481153076,0.7350501001722659,0.8763341826593951
0.33721297429424774,-1.0942994088670566,-0.3360904287016564
0.3133695361843218,1.1013408563586953,-0.3123263628220585
-0.8630918860785629,-0.753908103891463,0.8602187463496513
1.1350221209865163,0.16382479467198396,-1.1312437548575975
-1.041637607104946,0.47898666195935025,1.0381701079434484
0.6129947984876519,-0.9676329363868974,-0.6109542049695554
0.012944641339054213,1.1448398330784348,-0.012901550024455588
-0.6347177584910649,-0.9535720821906069,0.6326048515825111
1.0522025589590984,0.4553905370981448,-1.048699890212596
-1.1310286615968685,0.18936161361083337,1.1272635892634502
0.8458253380716577,-0.7731664144596995,-0.8430096768177531
-0.2883872578979178,1.1081222376116946,0.2874272478442641
-0.3618702631705155,-1.086421226173229,0.36066563612390246
0.8956573279894833,0.715048001320876,-0.892675781419906
-1.1411708642788152,-0.11353161348950924,1.137372029647105
1.0193906360663614,-0.5245257122625574,-1.0159971946707063
0.991735650221707,-0.2647703834293691,-0.4822272488908952
-0.7148548813995609,0.7192154649696914,0.7124752066593587
0.20789310658568624,-0.9917215303896851,-0.2072010528735002
0.3659805077449509,0.9450351368745427,-0.364762198137763
-0.8220607550771509,-0.5941826242668963,0.8193242035549192
1.0135550417677053,0.05208830931404229,-1.010181026434662
-0.8788296023212014,0.5067709895806138,0.8759040734341944
0.46124675466689685,-0.9025225275520626,-0.4597113140066389
0.10479156288139252,1.0077909248574717,-0.10444272307918945
-0.6371019884692993,-0.7886948170669994,0.6349811447168419
0.9643567164037743,0.3157518074046889,-0.9611464769853784
-0.9812265407468239,0.25881811337158667,0.9779601435042725
0.6822817914258968,-0.7500856276834511,-0.6800105489865382
-0.1637399112386731,0.999932875745587,0.16319483874860596
-0.4075027960381448,-0.9279447863679358,0.4061462632145041
0.847587899587985,0.5572912258469442,-0.8447663709567732
-1.0148709538298335,-0.007269615656623207,1.011492557967617
0.8555107465025673,-0.5450917707974084,-0.852662843569918
-0.42079846658865955,0.9220115868765696,0.41939767391415195
-0.1493507209154213,-1.0021755732560504,0.148853548485407
0.6714303421230057,0.7597823944334792,-0.6691952229863585
-0.9774054467515306,-0.2728479776692855,0.9741517695182474
0.9687958233439141,-0.30190445477670913,-0.9655708066180441
-0.648372538960587,0.7794868426782575,0.6462141767629281
0.11926605200976871,-1.0061859791853345,-0.11886902819666312
0.44822704170709027,0.909037173502395,-0.44673494226531996
-0.8714551505269348,-0.51930844313056,0.8685541703937871
1.01419936964128,-0.037563314622516275,-1.0108232094101948
-0.8305164812196316,0.5823450588055495,0.8277517814977875
0.3795260979990219,-0.9396950032616624,-0.3782626965840008
0.19361739447471385,0.9945975876989804,-0.19297286306714456
-0.7044437844744156,-0.7293820341910073,0.7020987671511919
1.3683375312608657,-0.1323907400905222,-0.6769847924432709
-1.1132408011238482,0.7968909202697039,1.1095349426578343
0.4998397911977014,-1.273266107365677,-0.49817587848459133
0.27443812533682965,1.3398317589873867,-0.27352455043974766
-0.9603862261241989,-0.9751632580717817,0.9571892040393459
1.3372273531791607,0.2966316931115687,-1.3327758676579045
-1.2836725737855925,0.47737284144846015,1.2793993663444807
0.8169588654603962,-1.097731613139078,-0.8142392975781454
-0.08730127508324774,1.3647778448558416,0.08701065856208556
-0.6704548367115469,-1.1925608531266363,0.6682229649271854
1.2124204051157697,0.636509872243527,-1.2083843884530054
-1.3641600496964144,0.12440622957536562,1.3596189081355519
1.0768353124917902,-0.8452813227964062,-1.0732506439681222
-0.44292365473559725,1.2940967544616324,0.44144920969815926
-0.33354605600553355,-1.3263981622816539,0.33243571718644116
1.0026616531955634,0.9317891139180962,-0.9993239007766608
-1.3490636369807167,-0.23727727090245843,1.3445727497482076
1.2612601242101367,-0.5336039088957856,-1.257061525394837
-0.7675112849875949,1.1327409664191772,0.7649563227642597
0.02673361074581149,-1.3672974805859688,-0.026644617442163065
0.7226484616951494,1.1617798090561238,-0.7202428429665408
-1.2394411102244018,-0.5823352410837712,1.2353151445507804
1.3573110334172602,-0.1845379667135938,-1.3527926914925164
-1.0383209782591187,0.8920163488898408,1.0348645197973543
0.38514010838281315,-1.3123930769347918,-0.3838580185341578
0.3920007789602433,1.3103669827362114,-0.39069585067793344
-1.0429734943854516,-0.8865901787766378,1.039501548198915
1.3582579504802172,0.17745817120452645,-1.3537364563704473
-1.236377656393917,0.5887899806572516,1.232261888627667
0.7165606308525923,-1.165531989954478,-0.7141752778564592
0.033886407982973196,1.3671394373399952,-0.03377360378842287
-0.7734268711749559,-1.1287235663447048,0.770852216601462
-1.1891634592266274,0.3115741852497167,0.5785206786393526
0.860380916549917,-0.857437277183804,-0.857516801346489
-0.25467880324884756,1.1867368702548897,0.25383100500233735
-0.4329934508191724,-1.1340769634885355,0.4315520623578206
0.981303756966713,0.7164065134344921,-0.9780371026795226
-1.2137746368738824,-0.06815565384712508,1.2097341121200207
1.0555837240652555,-0.6020315760570671,-1.0520697997854433
-0.5576458619654178,1.0784507639961838,0.5557895190820872
-0.11977419190029678,-1.2077630871028016,0.11937547654321312
0.7586440906487746,0.9483484765187056,-0.7561186463571096
-1.1533391224306675,-0.38370132547694613,1.1494997809809397
1.1768239513544134,-0.3044427607654998,-1.172906431444349
-0.8215398222028131,0.8945998310604764,0.8188050048102774
0.20183739827140917,-1.1968237355533113,-0.20116550335931294
0.48282779341800464,1.1138416125910116,-0.4812205118083812
-1.0120915080791186,-0.6723618344981314,1.0087223646913428
1.2156065450804727,0.01447773253896556,-1.2115599221019684
-1.027870176992913,0.6480661281401529,1.0244485081203514
0.509306657122582,-1.1020254067013942,-0.5076112302353109
0.1731807458715903,1.201290158023924,-0.17260424586051815
-0.7999287236127336,-0.9139113328138604,0.7972658472338606
1.1692140886762323,0.33238380090492403,-1.165321901177369
-1.1621797827938607,0.35612376468278417,1.1583110117404931
0.7810898461449358,-0.930010424450618,-0.7784896823570109
-0.14860072030798382,1.2045667731188554,0.1481060445505744
-0.5317165789235713,-1.0914249439404347,0.5299465518239699
1.0408972061333683,0.6270004200496349,-1.0374321716863089
-1.2150578417999252,0.03922854157503708,1.2110130453952488
0.9981436763374266,-0.6928315247752465,-0.9948209637763394
-0.4599700396849472,1.123441872196036,0.45843884907099786
-0.22624814728181625,-1.1924646542888329,0.22549499162024422
0.8396467974658831,0.8776844094914737,-0.8368517039057666
-1.0667892749164836,0.9382137258466139,0.4860786829835906
0.4128947611123093,-1.3218991941949156,-0.4115202790196304
0.3738927978081596,1.3334172594760578,-0.37264814904135135
-1.0403403642474367,-0.9157657234161282,1.0368771834668555
1.3719471625699458,0.20336863216906864,-1.3673800985507416
-1.2619832427718927,0.5744840650955552,1.2577822367727032
0.7458412557929978,-1.1674350780286369,-0.7433584307573837
0.010354916878828196,1.3846390069423953,-0.010320446478228051
-0.7632182876709537,-1.156187259519476,0.7606776163710605
1.2704345544315296,0.5556086165450436,-1.2662054149276458
-1.3687526406858963,0.22379651661447064,1.3641962108853771
1.026528187863965,-0.9311711873404194,-1.0231109863281629
-0.3539085117762973,1.338841947372852,0.3527303885411903
-0.43261907560534596,-1.3155971326071592,0.4311789333977545
1.0799052103279354,0.8689182480378166,-1.0763103224448956
-1.3796163565696316,-0.14257199343988614,1.3750237626314725
1.2352884013635945,-0.6296620469597558,-1.2311762596103892
-0.6933742989954841,1.1992349865277518,0.6910661307963561
-0.0717071348026863,-1.3828258207758808,0.07146842948988485
0.8137091294846466,1.1213445652418874,-0.8110003796219034
-1.2938131921976166,-0.49895077718227876,1.2895062277319795
1.3574944975484338,-0.2840337821534489,-1.352975544891461
-0.9842567753440533,0.9756000969840034,0.9809802907782711
0.29422917743515237,-1.3531627481335575,-0.2932497202629081
0.49049812372521295,1.2952005753474332,-0.4888653084137917
-1.1173551988016432,-0.8203691063013852,1.1136356439492883
1.3845837466348236,0.08149614551530848,-1.379974616791208
-1.2061744040449265,0.6836069154385194,1.2021591796456799
0.6395494564348869,-1.2286863451637797,-0.6374204653259752
0.13291892338325734,1.378304545345342,-0.13247645063428903
-0.862606425007658,-1.0843058596281023,0.8597349013266581
1.3146580606614384,0.4413158059040756,-1.310281705878558
0.6275812783288015,-0.9353431242944521,-0.26680103754052387
-0.03397522265352706,1.099361159674726,0.033862122804575456
-0.570565994283588,-0.940895097627957,0.5686666416742492
0.9914665851786384,0.47959541685973994,-0.988166099933388
-1.0932567730245097,0.13606537810283537,1.0896174392309892
0.8431746792510887,-0.7079325865779534,-0.8403678417545063
-0.3217109617710069,1.0519467777031875,0.32064002070426256
-0.3032976620233714,-1.0573845959710058,0.3022880168438191
0.830687827849541,0.7224958418233335,-0.827922557733064
-1.090715349774451,-0.15506678552915987,1.0870844761044944
0.9996885647952718,-0.46227159213748703,-0.9963607094674898
-0.5869050755515747,0.9308246488559754,0.584951331904669
-0.014777886463690576,-1.0997853306977838,0.014728692474362814
0.6117044831347888,0.9147724693128462,-0.6096681849359142
-1.011749745549966,-0.43533373846903867,1.008381739852921
1.0861563289478544,-0.184220178121276,-1.0825406317664048
-0.810975957942719,0.7444815515550701,0.8082763065143367
0.2747773452026217,-1.0651263695437239,-0.2738626410800882
0.349860263553255,1.042952871550337,-0.3486956164983557
-0.8618929178080624,-0.6850977518291118,0.8590237693151631
1.096519353337497,0.10673916483785018,-1.092869158766208
-0.9782234231255706,0.5059741633234355,0.9749670229377672
0.5450794935032511,-0.9558361946237981,-0.5432649827048075
0.0635020549615883,1.0980557114157798,-0.06329066347413592
-0.6516450262154848,-0.8868583749537423,0.6494757702598164
1.0300515221617952,0.3902195140776088,-1.0266225918258909
-1.0769287852401583,0.23201420624861524,1.0733438055554214
0.777189042914006,-0.779572543686482,-0.7746018644782343
-0.22730561199848087,1.0762200462654548,0.22654893615100757
-0.39573770805955766,-1.0264786559988897,0.39442033994449066
0.8914100996279685,0.6463579846412054,-0.8884426916231591
-1.1001759625985068,-0.058202509008452585,1.096513595569815
-0.879665556386758,-0.5081157211664022,0.46485099465805146
1.038937041569078,-0.014539630243587398,-1.035478532298401
-0.8638194277803067,0.5764619380309915,0.8609438661441621
0.4106755346580585,-0.9528459693524782,-0.40930844013081
0.1746471301406532,1.0225499109268528,-0.17406574869528235
-0.7037584037299226,-0.7631390652842934,0.7014156679659805
1.006360149695486,0.2581066138852772,-1.003010085381523
-0.9850578954832753,0.3299992429293763,0.9817787440743414
0.6467079194884822,-0.8118925526029291,-0.6445550986290638
-0.10021051025882886,1.0324726081872726,0.09987692028704864
-0.47854034734366807,-0.9207441875595653,0.47694733817967183
0.9032696721996853,0.512667858500449,-0.9002627849577644
-1.037275382698284,0.06041417967892149,1.0338224049106062
0.8374268106683375,-0.614051494742584,-0.8346391072061865
-0.3680466063359137,0.9700520735717727,0.3668214189102925
-0.21979195316898892,-1.013834658568717,0.2190602894800725
0.7368889467843208,0.7313075208202346,-0.7344359230182379
-1.0168131175067245,-0.2134039808706284,1.0134282563911219
0.9694689277984028,-0.373185111739992,-0.9662416703805082
-0.610094433773105,0.8396619855431131,0.6080634952560005
0.05435681105566046,-1.0358878204940687,-0.05417586309954148
0.5188759286367193,0.8987059694441496,-0.5171486466760633
-0.925104848740013,-0.47226936344920756,0.9220252745521462
1.0335823513399265,-0.10617041559357054,-1.030141667255139
-0.8093941991904418,0.6504385093587672,0.8066998132661457
0.3246969053407427,-0.9853584536421678,-0.3236160243906666
0.26450634148917207,1.0031339394129641,-0.2636258284285886
-0.7685763861481905,-0.6980438031814012,0.7660178783171612
1.02527478558566,0.16828342318255585,-1.0218617564903558
-0.9519813779815931,0.41564014476538624,0.9488123347290717
0.5722861553649872,-0.8657870468102574,-0.5703810765250933
-0.008396660921174744,1.037274377677952,0.008368709344734881
0.5033206168412242,0.5035220815783559,-0.27660579237437477
-0.7104079918865718,-0.17022864450884245,0.7080431203615347
0.688845623199571,-0.24299912963607284,-0.6865525304725286
-0.44557350882480196,0.5780159470448015,0.4440902427083032
0.0588904675316016,-0.7269943193988433,-0.058694427521828185
0.3467468795452656,0.6419845233709633,-0.34559259661027686
-0.6407813363766731,-0.3503475519377247,0.6386482444724956
0.7285758718891853,-0.05405121114579081,-0.7261505214526511
-0.5818732053718634,0.4410532167068104,0.5799362122774945
0.2478906084307867,-0.6860991827467525,-0.24706540735234261
0.16587730165243864,0.7103193640240337,-0.16532511401943284
-0.526256450703962,-0.5059183270617648,0.5245045997823949
0.7172563079046016,0.13868396452699938,-0.714868639074662
-0.6774022433225316,0.27318679471362406,0.6751472443721096
0.4195215643043117,-0.5971304876547164,-0.4181250222994565
-0.026614957560196686,0.7288835879555962,0.026526359239750774
-0.3748578580316335,-0.6260404456746335,0.3736099966831946
0.6556800698100497,0.32170184007613734,-0.653497381630192
-0.7254670994893133,0.08617873595584802,0.7230520978206036
0.5617575071162644,-0.4663220875808355,-0.5598874770103524
-0.21724236144312678,0.6963764381813021,0.2165191850710646
-0.19719374632373685,-0.7022971980143622,0.19653730962642502
0.5481616779474707,0.48217872942673573,-0.5463369068886959
-0.7226999682692594,-0.10686768956210235,0.7202941780815683
0.6646322569309115,-0.3028394580472543,-0.6624197678868377
-0.3926480399238479,0.61507562381889,0.39134095698099947
-0.005712674435382467,-0.7293454303033795,0.005693657558800691
0.402234724871055,0.6088703470403406,-0.40089572888829694
-0.669294736855022,-0.29242611589751777,0.667066726918239
0.7209375916404754,-0.11813749062430379,-0.718537668214323
-0.5405416779179156,0.4906777256962977,0.5387422730170122
0.18616867279979796,-0.705289928543193,-0.1855489373837227
